<?xml version="1.0" encoding="iso-8859-1"?>
<rss version="2.0" xmlns:georss="http://www.georss.org/georss" xmlns:gml="http://www.opengis.net/gml">
  <channel>
    <title>Traffic Scotland - Roadworks</title>
    <description>Roadworks currently being undertaken on the road network.</description>
    <link>https://trafficscotland.org/roadworks/</link>
    <language />
    <copyright />
    <managingEditor />
    <webMaster />
    <lastBuildDate>Mon, 20 Apr 2020 00:00:00 GMT</lastBuildDate>
    <docs>https://trafficscotland.org/rss/</docs>
    <rating />
    <generator>Traffic Scotland | www.trafficscotland.org</generator>
    <ttl>5</ttl>
    <item>
      <title>M90 J1 to J3</title>
      <description>Start Date: Monday, 06 January 2020 - 00:00&lt;br /&gt;End Date: Thursday, 31 December 2020 - 00:00&lt;br /&gt;Delay Information: No reported delay.</description>
      <link>http://tscot.org/03cFB2019704</link>
      <georss:point>56.0847247150839 -3.40105048324989</georss:point>
      <author />
      <comments />
      <pubDate>Mon, 06 Jan 2020 00:00:00 GMT</pubDate>
    </item>
    <item>
      <title>M90 J1 to J3</title>
      <description>Start Date: Monday, 06 January 2020 - 00:00&lt;br /&gt;End Date: Thursday, 31 December 2020 - 00:00&lt;br /&gt;Delay Information: No reported delay.</description>
      <link>http://tscot.org/03cFB2019705</link>
      <georss:point>56.0201823620682 -3.4064610296928</georss:point>
      <author />
      <comments />
      <pubDate>Mon, 06 Jan 2020 00:00:00 GMT</pubDate>
    </item>
    <item>
      <title>M74 N/B J21 EXIT SLIP ROAD</title>
      <description>Start Date: Monday, 20 April 2020 - 00:00&lt;br /&gt;End Date: Monday, 27 April 2020 - 00:00&lt;br /&gt;Delay Information: No reported delay.</description>
      <link>http://tscot.org/03cGM20202144</link>
      <georss:point>55.0181513862491 -3.1187658878316</georss:point>
      <author />
      <comments />
      <pubDate>Mon, 20 Apr 2020 00:00:00 GMT</pubDate>
    </item>
    <item>
      <title>M74 N/B J22-J12 MP-504/6 to MP-47/1 WO-513629</title>
      <description>Start Date: Monday, 20 April 2020 - 00:00&lt;br /&gt;End Date: Friday, 24 April 2020 - 00:00&lt;br /&gt;Delay Information: No reported delay.</description>
      <link>http://tscot.org/03cGM20202158</link>
      <georss:point>54.9970274636035 -3.05600932864068</georss:point>
      <author />
      <comments />
      <pubDate>Mon, 20 Apr 2020 00:00:00 GMT</pubDate>
    </item>
    <item>
      <title>M74 S/B J12-J22 MP-47/1 to MP-504/6 WO-513629</title>
      <description>Start Date: Monday, 20 April 2020 - 00:00&lt;br /&gt;End Date: Friday, 24 April 2020 - 00:00&lt;br /&gt;Delay Information: No reported delay.</description>
      <link>http://tscot.org/03cGM20202159</link>
      <georss:point>55.571003718941 -3.80958380592014</georss:point>
      <author />
      <comments />
      <pubDate>Mon, 20 Apr 2020 00:00:00 GMT</pubDate>
    </item>
    <item>
      <title>A9 Auchinlay Rail Bridge SB - Vergeworks with Layby Closure </title>
      <description>Start Date: Wednesday, 23 October 2019 - 00:00&lt;br /&gt;End Date: Saturday, 18 July 2020 - 00:00&lt;br /&gt;Delay Information: No reported delay.</description>
      <link>http://tscot.org/03cNE20198523</link>
      <georss:point>56.2031622842013 -3.95689017994544</georss:point>
      <author />
      <comments />
      <pubDate>Wed, 23 Oct 2019 00:00:00 GMT</pubDate>
    </item>
    <item>
      <title>A90 Tealing NB - Speed Restrication </title>
      <description>Start Date: Monday, 02 March 2020 - 00:00&lt;br /&gt;End Date: Friday, 29 October 2021 - 00:00&lt;br /&gt;Delay Information: No reported delay.</description>
      <link>http://tscot.org/03cNE202010067</link>
      <georss:point>56.5266503848028 -2.94486024995262</georss:point>
      <author />
      <comments />
      <pubDate>Mon, 02 Mar 2020 00:00:00 GMT</pubDate>
    </item>
    <item>
      <title>M90 Friarton Bridge SB - Lane Closure </title>
      <description>Start Date: Thursday, 12 March 2020 - 00:00&lt;br /&gt;End Date: Thursday, 30 April 2020 - 00:00&lt;br /&gt;Delay Information: No reported delay.</description>
      <link>http://tscot.org/03cNE202010197</link>
      <georss:point>56.3811137718131 -3.40758982367093</georss:point>
      <author />
      <comments />
      <pubDate>Thu, 12 Mar 2020 00:00:00 GMT</pubDate>
    </item>
    <item>
      <title>A92 Station Brae to Forgan Rnbt SB - Convoy Works </title>
      <description>Start Date: Monday, 23 March 2020 - 00:00&lt;br /&gt;End Date: Thursday, 07 May 2020 - 00:00&lt;br /&gt;Delay Information: No reported delay.</description>
      <link>http://tscot.org/03cNE202010249</link>
      <georss:point>56.44033764161 -2.9328721290443</georss:point>
      <author />
      <comments />
      <pubDate>Mon, 23 Mar 2020 00:00:00 GMT</pubDate>
    </item>
    <item>
      <title>A90 Perth to Laurencekirk NB - MLC </title>
      <description>Start Date: Monday, 06 April 2020 - 00:00&lt;br /&gt;End Date: Friday, 24 April 2020 - 00:00&lt;br /&gt;Delay Information: No reported delay.</description>
      <link>http://tscot.org/03cNE202010461</link>
      <georss:point>56.3864714597338 -3.39942968465643</georss:point>
      <author />
      <comments />
      <pubDate>Mon, 06 Apr 2020 00:00:00 GMT</pubDate>
    </item>
    <item>
      <title>A90 Perth to Laurencekirk SB - MLC </title>
      <description>Start Date: Monday, 06 April 2020 - 00:00&lt;br /&gt;End Date: Friday, 24 April 2020 - 00:00&lt;br /&gt;Delay Information: No reported delay.</description>
      <link>http://tscot.org/03cNE202010462</link>
      <georss:point>56.8299970478443 -2.45806306597423</georss:point>
      <author />
      <comments />
      <pubDate>Mon, 06 Apr 2020 00:00:00 GMT</pubDate>
    </item>
    <item>
      <title>M90 Halbeath to Broxden NB - MLC </title>
      <description>Start Date: Monday, 06 April 2020 - 00:00&lt;br /&gt;End Date: Friday, 24 April 2020 - 00:00&lt;br /&gt;Delay Information: No reported delay.</description>
      <link>http://tscot.org/03cNE202010463</link>
      <georss:point>56.0816655510958 -3.39823981054915</georss:point>
      <author />
      <comments />
      <pubDate>Mon, 06 Apr 2020 00:00:00 GMT</pubDate>
    </item>
    <item>
      <title>M90 Halbeath to Broxden SB - MLC </title>
      <description>Start Date: Monday, 06 April 2020 - 00:00&lt;br /&gt;End Date: Friday, 24 April 2020 - 00:00&lt;br /&gt;Delay Information: No reported delay.</description>
      <link>http://tscot.org/03cNE202010464</link>
      <georss:point>56.3878209704203 -3.4857658362734</georss:point>
      <author />
      <comments />
      <pubDate>Mon, 06 Apr 2020 00:00:00 GMT</pubDate>
    </item>
    <item>
      <title>A90 Dundee to Fraserburgh Safety/Patrol Inspection </title>
      <description>Start Date: Monday, 06 April 2020 - 00:00&lt;br /&gt;End Date: Monday, 01 June 2020 - 00:00&lt;br /&gt;Delay Information: No reported delay.</description>
      <link>http://tscot.org/03cNE202010506</link>
      <georss:point>56.4804528007878 -2.95304758173266</georss:point>
      <author />
      <comments />
      <pubDate>Mon, 06 Apr 2020 00:00:00 GMT</pubDate>
    </item>
    <item>
      <title>A972 Dundee Safety/Patrol Inspection </title>
      <description>Start Date: Monday, 06 April 2020 - 00:00&lt;br /&gt;End Date: Thursday, 11 June 2020 - 00:00&lt;br /&gt;Delay Information: No reported delay.</description>
      <link>http://tscot.org/03cNE202010507</link>
      <georss:point>56.4739579833527 -2.92561250848475</georss:point>
      <author />
      <comments />
      <pubDate>Mon, 06 Apr 2020 00:00:00 GMT</pubDate>
    </item>
    <item>
      <title>A92 Dundee Safety/Patrol Inspection </title>
      <description>Start Date: Monday, 06 April 2020 - 00:00&lt;br /&gt;End Date: Thursday, 11 June 2020 - 00:00&lt;br /&gt;Delay Information: No reported delay.</description>
      <link>http://tscot.org/03cNE202010508</link>
      <georss:point>56.4616971981511 -2.96416467199081</georss:point>
      <author />
      <comments />
      <pubDate>Mon, 06 Apr 2020 00:00:00 GMT</pubDate>
    </item>
    <item>
      <title>A92 Stonehaven to Maywell Safety/Patrol Inspection </title>
      <description>Start Date: Monday, 06 April 2020 - 00:00&lt;br /&gt;End Date: Thursday, 11 June 2020 - 00:00&lt;br /&gt;Delay Information: No reported delay.</description>
      <link>http://tscot.org/03cNE202010509</link>
      <georss:point>56.9503358772477 -2.23162519764902</georss:point>
      <author />
      <comments />
      <pubDate>Mon, 06 Apr 2020 00:00:00 GMT</pubDate>
    </item>
    <item>
      <title>A96 Keith to Aberdeen Safety/Patrol Inspection </title>
      <description>Start Date: Monday, 06 April 2020 - 00:00&lt;br /&gt;End Date: Monday, 08 June 2020 - 00:00&lt;br /&gt;Delay Information: No reported delay.</description>
      <link>http://tscot.org/03cNE202010510</link>
      <georss:point>57.542846706073 -2.95450983771175</georss:point>
      <author />
      <comments />
      <pubDate>Mon, 06 Apr 2020 00:00:00 GMT</pubDate>
    </item>
    <item>
      <title>A9 Keir to Inveralmond Safety/Patrol Inspection </title>
      <description>Start Date: Tuesday, 07 April 2020 - 00:00&lt;br /&gt;End Date: Friday, 12 June 2020 - 00:00&lt;br /&gt;Delay Information: No reported delay.</description>
      <link>http://tscot.org/03cNE202010511</link>
      <georss:point>56.1707555025183 -3.97113961001397</georss:point>
      <author />
      <comments />
      <pubDate>Tue, 07 Apr 2020 00:00:00 GMT</pubDate>
    </item>
    <item>
      <title>A90 Dundee to Perth Safety/Patrol Inspection </title>
      <description>Start Date: Tuesday, 07 April 2020 - 00:00&lt;br /&gt;End Date: Friday, 12 June 2020 - 00:00&lt;br /&gt;Delay Information: No reported delay.</description>
      <link>http://tscot.org/03cNE202010512</link>
      <georss:point>56.4644052185291 -3.0627467724537</georss:point>
      <author />
      <comments />
      <pubDate>Tue, 07 Apr 2020 00:00:00 GMT</pubDate>
    </item>
    <item>
      <title>A92 Halbeath to Tay Road Bridge Safety/Patrol Inspection </title>
      <description>Start Date: Tuesday, 07 April 2020 - 00:00&lt;br /&gt;End Date: Friday, 12 June 2020 - 00:00&lt;br /&gt;Delay Information: No reported delay.</description>
      <link>http://tscot.org/03cNE202010513</link>
      <georss:point>56.0820908298603 -3.39639117849787</georss:point>
      <author />
      <comments />
      <pubDate>Tue, 07 Apr 2020 00:00:00 GMT</pubDate>
    </item>
    <item>
      <title>M90 J3 to Broxden Safety/Patrol Inspection </title>
      <description>Start Date: Tuesday, 07 April 2020 - 00:00&lt;br /&gt;End Date: Friday, 12 June 2020 - 00:00&lt;br /&gt;Delay Information: No reported delay.</description>
      <link>http://tscot.org/03cNE202010514</link>
      <georss:point>56.0815579504605 -3.39821984313602</georss:point>
      <author />
      <comments />
      <pubDate>Tue, 07 Apr 2020 00:00:00 GMT</pubDate>
    </item>
    <item>
      <title>A90 Dundee to Ellon Safety/Patrol Inspection </title>
      <description>Start Date: Thursday, 09 April 2020 - 00:00&lt;br /&gt;End Date: Thursday, 11 June 2020 - 00:00&lt;br /&gt;Delay Information: No reported delay.</description>
      <link>http://tscot.org/03cNE202010515</link>
      <georss:point>56.4806315831026 -2.9531657184602</georss:point>
      <author />
      <comments />
      <pubDate>Thu, 09 Apr 2020 00:00:00 GMT</pubDate>
    </item>
    <item>
      <title>A95 Granish to Keith Safety/Patrol Inspection </title>
      <description>Start Date: Thursday, 09 April 2020 - 00:00&lt;br /&gt;End Date: Thursday, 11 June 2020 - 00:00&lt;br /&gt;Delay Information: No reported delay.</description>
      <link>http://tscot.org/03cNE202010516</link>
      <georss:point>57.2147429599252 -3.82234871642669</georss:point>
      <author />
      <comments />
      <pubDate>Thu, 09 Apr 2020 00:00:00 GMT</pubDate>
    </item>
    <item>
      <title>A96 Keith to Inverness Safety/Patrol Inspection </title>
      <description>Start Date: Thursday, 09 April 2020 - 00:00&lt;br /&gt;End Date: Thursday, 11 June 2020 - 00:00&lt;br /&gt;Delay Information: No reported delay.</description>
      <link>http://tscot.org/03cNE202010517</link>
      <georss:point>57.5433263859966 -2.95641018081315</georss:point>
      <author />
      <comments />
      <pubDate>Thu, 09 Apr 2020 00:00:00 GMT</pubDate>
    </item>
    <item>
      <title>A9 Blackford NB - Convoy Works </title>
      <description>Start Date: Monday, 20 April 2020 - 00:00&lt;br /&gt;End Date: Tuesday, 21 April 2020 - 00:00&lt;br /&gt;Delay Information: No reported delay.</description>
      <link>http://tscot.org/03cNE202010529</link>
      <georss:point>56.261222033173 -3.7695757587676</georss:point>
      <author />
      <comments />
      <pubDate>Mon, 20 Apr 2020 00:00:00 GMT</pubDate>
    </item>
    <item>
      <title>A9 Findo Gask Jnct NB - Lane Closure</title>
      <description>Start Date: Monday, 20 April 2020 - 00:00&lt;br /&gt;End Date: Tuesday, 21 April 2020 - 00:00&lt;br /&gt;Delay Information: No reported delay.</description>
      <link>http://tscot.org/03cNE202010530</link>
      <georss:point>56.3383688951193 -3.61476592622809</georss:point>
      <author />
      <comments />
      <pubDate>Mon, 20 Apr 2020 00:00:00 GMT</pubDate>
    </item>
    <item>
      <title>A95 Granish to Keith - Stop/Go Works </title>
      <description>Start Date: Monday, 13 April 2020 - 00:00&lt;br /&gt;End Date: Friday, 24 April 2020 - 00:00&lt;br /&gt;Delay Information: No reported delay.</description>
      <link>http://tscot.org/03cNE202010540</link>
      <georss:point>57.2151963805146 -3.82329844157773</georss:point>
      <author />
      <comments />
      <pubDate>Mon, 13 Apr 2020 00:00:00 GMT</pubDate>
    </item>
    <item>
      <title>A96 Inverness to Keith - Stop/Go Works </title>
      <description>Start Date: Monday, 13 April 2020 - 00:00&lt;br /&gt;End Date: Friday, 24 April 2020 - 00:00&lt;br /&gt;Delay Information: No reported delay.</description>
      <link>http://tscot.org/03cNE202010541</link>
      <georss:point>57.4821869019672 -4.1910710925128</georss:point>
      <author />
      <comments />
      <pubDate>Mon, 13 Apr 2020 00:00:00 GMT</pubDate>
    </item>
    <item>
      <title>A96 Findhorn Rnbt Forres - Vergeworks </title>
      <description>Start Date: Tuesday, 14 April 2020 - 00:00&lt;br /&gt;End Date: Tuesday, 21 April 2020 - 00:00&lt;br /&gt;Delay Information: No reported delay.</description>
      <link>http://tscot.org/03cNE202010547</link>
      <georss:point>57.6161150971493 -3.59248134541028</georss:point>
      <author />
      <comments />
      <pubDate>Tue, 14 Apr 2020 00:00:00 GMT</pubDate>
    </item>
    <item>
      <title>A96 Elgin - Vergeworks </title>
      <description>Start Date: Tuesday, 14 April 2020 - 00:00&lt;br /&gt;End Date: Tuesday, 21 April 2020 - 00:00&lt;br /&gt;Delay Information: No reported delay.</description>
      <link>http://tscot.org/03cNE202010552</link>
      <georss:point>57.6481242179258 -3.34752480090859</georss:point>
      <author />
      <comments />
      <pubDate>Tue, 14 Apr 2020 00:00:00 GMT</pubDate>
    </item>
    <item>
      <title>A92 New Inn Rnbt to Forgan Rnbt - Vergeworks </title>
      <description>Start Date: Monday, 20 April 2020 - 00:00&lt;br /&gt;End Date: Friday, 24 April 2020 - 00:00&lt;br /&gt;Delay Information: No reported delay.</description>
      <link>http://tscot.org/03cNE202010572</link>
      <georss:point>56.2343113273853 -3.15528889774156</georss:point>
      <author />
      <comments />
      <pubDate>Mon, 20 Apr 2020 00:00:00 GMT</pubDate>
    </item>
    <item>
      <title>A92 Cammachmore NB - Convoy Works </title>
      <description>Start Date: Monday, 20 April 2020 - 00:00&lt;br /&gt;End Date: Friday, 24 April 2020 - 00:00&lt;br /&gt;Delay Information: No reported delay.</description>
      <link>http://tscot.org/03cNE202010573</link>
      <georss:point>57.0374677745111 -2.15370133880293</georss:point>
      <author />
      <comments />
      <pubDate>Mon, 20 Apr 2020 00:00:00 GMT</pubDate>
    </item>
    <item>
      <title>A96 Reiket Lane Elgin - Road Narrowing </title>
      <description>Start Date: Monday, 20 April 2020 - 00:00&lt;br /&gt;End Date: Tuesday, 21 April 2020 - 00:00&lt;br /&gt;Delay Information: No reported delay.</description>
      <link>http://tscot.org/03cNE202010574</link>
      <georss:point>57.6449067958425 -3.27933522336768</georss:point>
      <author />
      <comments />
      <pubDate>Mon, 20 Apr 2020 00:00:00 GMT</pubDate>
    </item>
    <item>
      <title>A96 At Raigmore Interchange Inverness EB - Vergeworks </title>
      <description>Start Date: Monday, 20 April 2020 - 00:00&lt;br /&gt;End Date: Tuesday, 21 April 2020 - 00:00&lt;br /&gt;Delay Information: No reported delay.</description>
      <link>http://tscot.org/03cNE202010575</link>
      <georss:point>57.4821454950572 -4.1913855777425</georss:point>
      <author />
      <comments />
      <pubDate>Mon, 20 Apr 2020 00:00:00 GMT</pubDate>
    </item>
    <item>
      <title>A96 At Raigmore Interchange Inverness WB - Vergeworks </title>
      <description>Start Date: Monday, 20 April 2020 - 00:00&lt;br /&gt;End Date: Tuesday, 21 April 2020 - 00:00&lt;br /&gt;Delay Information: No reported delay.</description>
      <link>http://tscot.org/03cNE202010576</link>
      <georss:point>57.4832183863768 -4.1839258825544</georss:point>
      <author />
      <comments />
      <pubDate>Mon, 20 Apr 2020 00:00:00 GMT</pubDate>
    </item>
    <item>
      <title>A90 Prior to Douglastown Onslip NB - Lane Clsoure </title>
      <description>Start Date: Monday, 20 April 2020 - 00:00&lt;br /&gt;End Date: Tuesday, 21 April 2020 - 00:00&lt;br /&gt;Delay Information: No reported delay.</description>
      <link>http://tscot.org/03cNE202010577</link>
      <georss:point>56.5986519229585 -2.90854574713571</georss:point>
      <author />
      <comments />
      <pubDate>Mon, 20 Apr 2020 00:00:00 GMT</pubDate>
    </item>
    <item>
      <title>A90 Douglastown Osnlip NB - Lane Closure </title>
      <description>Start Date: Monday, 20 April 2020 - 00:00&lt;br /&gt;End Date: Tuesday, 21 April 2020 - 00:00&lt;br /&gt;Delay Information: No reported delay.</description>
      <link>http://tscot.org/03cNE202010578</link>
      <georss:point>56.601865202736 -2.90650542268598</georss:point>
      <author />
      <comments />
      <pubDate>Mon, 20 Apr 2020 00:00:00 GMT</pubDate>
    </item>
    <item>
      <title>A95 High St Aberlour - Emergency Footway Works </title>
      <description>Start Date: Wednesday, 08 April 2020 - 00:00&lt;br /&gt;End Date: Friday, 01 May 2020 - 00:00&lt;br /&gt;Delay Information: No reported delay.</description>
      <link>http://tscot.org/03cNE202010582</link>
      <georss:point>57.4731867962373 -3.21980025805773</georss:point>
      <author />
      <comments />
      <pubDate>Wed, 08 Apr 2020 00:00:00 GMT</pubDate>
    </item>
    <item>
      <title>M90 Halbeath to Broxden Rnbt NB - Vergeworks</title>
      <description>Start Date: Sunday, 05 January 2020 - 00:00&lt;br /&gt;End Date: Saturday, 25 April 2020 - 00:00&lt;br /&gt;Delay Information: No reported delay.</description>
      <link>http://tscot.org/03cNE20209404</link>
      <georss:point>56.084388009363 -3.40142394534415</georss:point>
      <author />
      <comments />
      <pubDate>Sun, 05 Jan 2020 00:00:00 GMT</pubDate>
    </item>
    <item>
      <title>M90 Broxden Rnbt to Halbeath SB - Vergeworks</title>
      <description>Start Date: Sunday, 05 January 2020 - 00:00&lt;br /&gt;End Date: Saturday, 25 April 2020 - 00:00&lt;br /&gt;Delay Information: No reported delay.</description>
      <link>http://tscot.org/03cNE20209405</link>
      <georss:point>56.2074019781926 -3.43565352613505</georss:point>
      <author />
      <comments />
      <pubDate>Sun, 05 Jan 2020 00:00:00 GMT</pubDate>
    </item>
    <item>
      <title>A90 Findon Jnct to Laurencekirk - MLC</title>
      <description>Start Date: Sunday, 12 January 2020 - 00:00&lt;br /&gt;End Date: Saturday, 25 April 2020 - 00:00&lt;br /&gt;Delay Information: No reported delay.</description>
      <link>http://tscot.org/03cNE20209422</link>
      <georss:point>57.079779644762 -2.11969617216036</georss:point>
      <author />
      <comments />
      <pubDate>Sun, 12 Jan 2020 00:00:00 GMT</pubDate>
    </item>
    <item>
      <title>A92 A96 Middlesfield Place to Auchmill Terrace Aberdeen - MLC</title>
      <description>Start Date: Sunday, 12 January 2020 - 00:00&lt;br /&gt;End Date: Saturday, 25 April 2020 - 00:00&lt;br /&gt;Delay Information: No reported delay.</description>
      <link>http://tscot.org/03cNE20209423</link>
      <georss:point>57.1683941639538 -2.14018969765193</georss:point>
      <author />
      <comments />
      <pubDate>Sun, 12 Jan 2020 00:00:00 GMT</pubDate>
    </item>
    <item>
      <title>A96 Craibstone to Colpy - MLC</title>
      <description>Start Date: Sunday, 12 January 2020 - 00:00&lt;br /&gt;End Date: Saturday, 25 April 2020 - 00:00&lt;br /&gt;Delay Information: No reported delay.</description>
      <link>http://tscot.org/03cNE20209424</link>
      <georss:point>57.1903094612347 -2.21265973370522</georss:point>
      <author />
      <comments />
      <pubDate>Sun, 12 Jan 2020 00:00:00 GMT</pubDate>
    </item>
    <item>
      <title>A90 Ellon Rnbt to Invernettie Rnbt Peterhead - MLC</title>
      <description>Start Date: Sunday, 12 January 2020 - 00:00&lt;br /&gt;End Date: Saturday, 25 April 2020 - 00:00&lt;br /&gt;Delay Information: No reported delay.</description>
      <link>http://tscot.org/03cNE20209425</link>
      <georss:point>57.350715231336 -2.05123297385246</georss:point>
      <author />
      <comments />
      <pubDate>Sun, 12 Jan 2020 00:00:00 GMT</pubDate>
    </item>
    <item>
      <title>A90 Invernettie Rnbt Peterhead to Fraserburgh - MLC</title>
      <description>Start Date: Sunday, 12 January 2020 - 00:00&lt;br /&gt;End Date: Saturday, 25 April 2020 - 00:00&lt;br /&gt;Delay Information: No reported delay.</description>
      <link>http://tscot.org/03cNE20209426</link>
      <georss:point>57.4856882215446 -1.80254043084755</georss:point>
      <author />
      <comments />
      <pubDate>Sun, 12 Jan 2020 00:00:00 GMT</pubDate>
    </item>
    <item>
      <title>A90 Invernettie Rnbt Peterhead to Fraserburgh - MLC</title>
      <description>Start Date: Sunday, 12 January 2020 - 00:00&lt;br /&gt;End Date: Saturday, 25 April 2020 - 00:00&lt;br /&gt;Delay Information: No reported delay.</description>
      <link>http://tscot.org/03cNE20209427</link>
      <georss:point>57.4856882215446 -1.80254043084755</georss:point>
      <author />
      <comments />
      <pubDate>Sun, 12 Jan 2020 00:00:00 GMT</pubDate>
    </item>
    <item>
      <title>A90 Ellon Rnbt to Invernettie Rnbt Peterhead - MLC</title>
      <description>Start Date: Sunday, 12 January 2020 - 00:00&lt;br /&gt;End Date: Saturday, 25 April 2020 - 00:00&lt;br /&gt;Delay Information: No reported delay.</description>
      <link>http://tscot.org/03cNE20209428</link>
      <georss:point>57.3497809472832 -2.05143107250612</georss:point>
      <author />
      <comments />
      <pubDate>Sun, 12 Jan 2020 00:00:00 GMT</pubDate>
    </item>
    <item>
      <title>A90 West Mains of Finavon SB - Lane Closure</title>
      <description>Start Date: Sunday, 26 January 2020 - 00:00&lt;br /&gt;End Date: Wednesday, 06 May 2020 - 00:00&lt;br /&gt;Delay Information: No reported delay.</description>
      <link>http://tscot.org/03cNE20209527</link>
      <georss:point>56.696676952823 -2.83291859139149</georss:point>
      <author />
      <comments />
      <pubDate>Sun, 26 Jan 2020 00:00:00 GMT</pubDate>
    </item>
    <item>
      <title>A9 Auchinlay Rail Bridge NB - Vergeworks </title>
      <description>Start Date: Tuesday, 04 February 2020 - 00:00&lt;br /&gt;End Date: Saturday, 18 July 2020 - 00:00&lt;br /&gt;Delay Information: No reported delay.</description>
      <link>http://tscot.org/03cNE20209796</link>
      <georss:point>56.1977343617957 -3.970476399643</georss:point>
      <author />
      <comments />
      <pubDate>Tue, 04 Feb 2020 00:00:00 GMT</pubDate>
    </item>
    <item>
      <title>A82 Invermoriston to Fort Augustus</title>
      <description>Start Date: Monday, 12 November 2018 - 00:00&lt;br /&gt;End Date: Monday, 11 May 2020 - 00:00&lt;br /&gt;Delay Information: No reported delay.</description>
      <link>http://tscot.org/03cNW20186603</link>
      <georss:point>57.2109819806541 -4.61734040460121</georss:point>
      <author />
      <comments />
      <pubDate>Mon, 12 Nov 2018 00:00:00 GMT</pubDate>
    </item>
    <item>
      <title>A9 Luncarty to Birnam</title>
      <description>Start Date: Friday, 01 February 2019 - 00:00&lt;br /&gt;End Date: Friday, 30 April 2021 - 00:00&lt;br /&gt;Delay Information: No reported delay</description>
      <link>http://tscot.org/03cNW20187080</link>
      <georss:point>56.444278096283 -3.47195746215152</georss:point>
      <author />
      <comments />
      <pubDate>Fri, 01 Feb 2019 00:00:00 GMT</pubDate>
    </item>
    <item>
      <title>A9 Birnam to Luncarty</title>
      <description>Start Date: Friday, 01 February 2019 - 00:00&lt;br /&gt;End Date: Friday, 30 April 2021 - 00:00&lt;br /&gt;Delay Information: No reported delay.</description>
      <link>http://tscot.org/03cNW20187081</link>
      <georss:point>56.5382826382056 -3.54070168913654</georss:point>
      <author />
      <comments />
      <pubDate>Fri, 01 Feb 2019 00:00:00 GMT</pubDate>
    </item>
    <item>
      <title>A9 Achavanich</title>
      <description>Start Date: Monday, 07 October 2019 - 00:00&lt;br /&gt;End Date: Sunday, 07 June 2020 - 00:00&lt;br /&gt;Delay Information: No reported delay.</description>
      <link>http://tscot.org/03cNW201911157</link>
      <georss:point>58.422816876136 -3.41381020185042</georss:point>
      <author />
      <comments />
      <pubDate>Mon, 07 Oct 2019 00:00:00 GMT</pubDate>
    </item>
    <item>
      <title>A87 Shiel Bridge, Invershiel</title>
      <description>Start Date: Monday, 06 January 2020 - 00:00&lt;br /&gt;End Date: Thursday, 30 April 2020 - 00:00&lt;br /&gt;Delay Information: No reported delay.</description>
      <link>http://tscot.org/03cNW201911416</link>
      <georss:point>57.2178263589331 -5.41940694770823</georss:point>
      <author />
      <comments />
      <pubDate>Mon, 06 Jan 2020 00:00:00 GMT</pubDate>
    </item>
    <item>
      <title>A83 Port Ann, South of Carrick</title>
      <description>Start Date: Thursday, 07 November 2019 - 00:00&lt;br /&gt;End Date: Tuesday, 30 March 2021 - 00:00&lt;br /&gt;Delay Information: No reported delay.</description>
      <link>http://tscot.org/03cNW201911518</link>
      <georss:point>56.0276704719992 -5.36000349098093</georss:point>
      <author />
      <comments />
      <pubDate>Thu, 07 Nov 2019 00:00:00 GMT</pubDate>
    </item>
    <item>
      <title>A830 Lochybridge to Malaig</title>
      <description>Start Date: Tuesday, 28 January 2020 - 00:00&lt;br /&gt;End Date: Wednesday, 14 October 2020 - 00:00&lt;br /&gt;Delay Information: No reported delay.</description>
      <link>http://tscot.org/03cNW201911792</link>
      <georss:point>56.8365437861431 -5.07889445333614</georss:point>
      <author />
      <comments />
      <pubDate>Tue, 28 Jan 2020 00:00:00 GMT</pubDate>
    </item>
    <item>
      <title>A82 Glenurquhart Road / Ardoss Street / Montague Row / Bruce Gardens, Inverness</title>
      <description>Start Date: Monday, 24 February 2020 - 00:00&lt;br /&gt;End Date: Friday, 29 May 2020 - 00:00&lt;br /&gt;Delay Information: No reported delay.</description>
      <link>http://tscot.org/03cNW201911868</link>
      <georss:point>57.4739039402695 -4.23398981208402</georss:point>
      <author />
      <comments />
      <pubDate>Mon, 24 Feb 2020 00:00:00 GMT</pubDate>
    </item>
    <item>
      <title>A82 Glenurquhart Road, Inverness</title>
      <description>Start Date: Monday, 03 June 2019 - 00:00&lt;br /&gt;End Date: Thursday, 31 December 2020 - 00:00&lt;br /&gt;Delay Information: No reported delay.</description>
      <link>http://tscot.org/03cNW20199289</link>
      <georss:point>57.4653192074877 -4.24178657400664</georss:point>
      <author />
      <comments />
      <pubDate>Mon, 03 Jun 2019 00:00:00 GMT</pubDate>
    </item>
    <item>
      <title>A9 Birnam to Glen Garry</title>
      <description>Start Date: Monday, 01 July 2019 - 00:00&lt;br /&gt;End Date: Tuesday, 30 June 2020 - 00:00&lt;br /&gt;Delay Information: No reported delay.</description>
      <link>http://tscot.org/03cNW20199768</link>
      <georss:point>56.5383903146748 -3.54143787577407</georss:point>
      <author />
      <comments />
      <pubDate>Mon, 01 Jul 2019 00:00:00 GMT</pubDate>
    </item>
    <item>
      <title>A99 South Road Wick</title>
      <description>Start Date: Monday, 03 February 2020 - 00:00&lt;br /&gt;End Date: Friday, 15 May 2020 - 00:00&lt;br /&gt;Delay Information: No reported delay.</description>
      <link>http://tscot.org/03cNW202012291</link>
      <georss:point>58.4190313967406 -3.10326230110082</georss:point>
      <author />
      <comments />
      <pubDate>Mon, 03 Feb 2020 00:00:00 GMT</pubDate>
    </item>
    <item>
      <title>A85 Dalmally</title>
      <description>Start Date: Thursday, 20 February 2020 - 00:00&lt;br /&gt;End Date: Thursday, 24 December 2020 - 00:00&lt;br /&gt;Delay Information: No reported delay.</description>
      <link>http://tscot.org/03cNW202012339</link>
      <georss:point>56.4037891049909 -4.99832964618048</georss:point>
      <author />
      <comments />
      <pubDate>Thu, 20 Feb 2020 00:00:00 GMT</pubDate>
    </item>
    <item>
      <title>A9 Dalwhinnie to Crubenmore</title>
      <description>Start Date: Monday, 02 March 2020 - 00:00&lt;br /&gt;End Date: Friday, 30 October 2020 - 00:00&lt;br /&gt;Delay Information: No reported delay.</description>
      <link>http://tscot.org/03cNW202012344</link>
      <georss:point>56.9157748328785 -4.23479759072977</georss:point>
      <author />
      <comments />
      <pubDate>Mon, 02 Mar 2020 00:00:00 GMT</pubDate>
    </item>
    <item>
      <title>A83 Rest and Be Thankful</title>
      <description>Start Date: Monday, 03 February 2020 - 00:00&lt;br /&gt;End Date: Friday, 01 May 2020 - 00:00&lt;br /&gt;Delay Information: No reported delay.</description>
      <link>http://tscot.org/03cNW202012350</link>
      <georss:point>56.2011481782683 -4.82604050800279</georss:point>
      <author />
      <comments />
      <pubDate>Mon, 03 Feb 2020 00:00:00 GMT</pubDate>
    </item>
    <item>
      <title>A86 Glen Spean, East of Roybridge</title>
      <description>Start Date: Tuesday, 18 February 2020 - 00:00&lt;br /&gt;End Date: Thursday, 30 April 2020 - 00:00&lt;br /&gt;Delay Information: No reported delay.</description>
      <link>http://tscot.org/03cNW202012520</link>
      <georss:point>56.8877429522982 -4.800234426874</georss:point>
      <author />
      <comments />
      <pubDate>Tue, 18 Feb 2020 00:00:00 GMT</pubDate>
    </item>
    <item>
      <title>A887 Dalchreichart</title>
      <description>Start Date: Wednesday, 01 April 2020 - 00:00&lt;br /&gt;End Date: Monday, 31 August 2020 - 00:00&lt;br /&gt;Delay Information: No reported delay.</description>
      <link>http://tscot.org/03cNW202012843</link>
      <georss:point>57.1686976886001 -4.84003754170729</georss:point>
      <author />
      <comments />
      <pubDate>Wed, 01 Apr 2020 00:00:00 GMT</pubDate>
    </item>
    <item>
      <title>A85 The Convenience Store, Drummond St, Comrie</title>
      <description>Start Date: Monday, 23 March 2020 - 00:00&lt;br /&gt;End Date: Friday, 01 May 2020 - 00:00&lt;br /&gt;Delay Information: No reported delay.</description>
      <link>http://tscot.org/03cNW202012929</link>
      <georss:point>56.3744044715164 -3.98739455711255</georss:point>
      <author />
      <comments />
      <pubDate>Mon, 23 Mar 2020 00:00:00 GMT</pubDate>
    </item>
    <item>
      <title>A85 West of Dalmally</title>
      <description>Start Date: Friday, 10 April 2020 - 00:00&lt;br /&gt;End Date: Friday, 24 April 2020 - 00:00&lt;br /&gt;Delay Information: No reported delay.</description>
      <link>http://tscot.org/03cNW202012975</link>
      <georss:point>56.4019728503892 -4.99277239218721</georss:point>
      <author />
      <comments />
      <pubDate>Fri, 10 Apr 2020 00:00:00 GMT</pubDate>
    </item>
    <item>
      <title>A84 Craigforth to Lochearnhead</title>
      <description>Start Date: Monday, 06 April 2020 - 00:00&lt;br /&gt;End Date: Friday, 24 April 2020 - 00:00&lt;br /&gt;Delay Information: No reported delay.</description>
      <link>http://tscot.org/03cNW202012985</link>
      <georss:point>56.1327146730504 -3.96669794967572</georss:point>
      <author />
      <comments />
      <pubDate>Mon, 06 Apr 2020 00:00:00 GMT</pubDate>
    </item>
    <item>
      <title>A85 Lochearnhead to Crianlarich</title>
      <description>Start Date: Monday, 06 April 2020 - 00:00&lt;br /&gt;End Date: Friday, 24 April 2020 - 00:00&lt;br /&gt;Delay Information: No reported delay.</description>
      <link>http://tscot.org/03cNW202012986</link>
      <georss:point>56.3854430575092 -4.28736608736197</georss:point>
      <author />
      <comments />
      <pubDate>Mon, 06 Apr 2020 00:00:00 GMT</pubDate>
    </item>
    <item>
      <title>A9 Kildary to Scrabster</title>
      <description>Start Date: Monday, 06 April 2020 - 00:00&lt;br /&gt;End Date: Friday, 01 May 2020 - 00:00&lt;br /&gt;Delay Information: No reported delay.</description>
      <link>http://tscot.org/03cNW202012988</link>
      <georss:point>57.7441680966438 -4.07743674710268</georss:point>
      <author />
      <comments />
      <pubDate>Mon, 06 Apr 2020 00:00:00 GMT</pubDate>
    </item>
    <item>
      <title>A835 Contin to Ullapool</title>
      <description>Start Date: Monday, 06 April 2020 - 00:00&lt;br /&gt;End Date: Friday, 24 April 2020 - 00:00&lt;br /&gt;Delay Information: No reported delay.</description>
      <link>http://tscot.org/03cNW202012990</link>
      <georss:point>57.566999749287 -4.58614532153907</georss:point>
      <author />
      <comments />
      <pubDate>Mon, 06 Apr 2020 00:00:00 GMT</pubDate>
    </item>
    <item>
      <title>A9 Inverness to Invergarry</title>
      <description>Start Date: Monday, 06 April 2020 - 00:00&lt;br /&gt;End Date: Friday, 24 April 2020 - 00:00&lt;br /&gt;Delay Information: No reported delay.</description>
      <link>http://tscot.org/03cNW202012991</link>
      <georss:point>57.4828804859265 -4.22534579544775</georss:point>
      <author />
      <comments />
      <pubDate>Mon, 06 Apr 2020 00:00:00 GMT</pubDate>
    </item>
    <item>
      <title>A84 Safety/Patrol Inspection </title>
      <description>Start Date: Monday, 06 April 2020 - 00:00&lt;br /&gt;End Date: Monday, 01 June 2020 - 00:00&lt;br /&gt;Delay Information: No reported delay.</description>
      <link>http://tscot.org/03cNW202013028</link>
      <georss:point>56.3853347367955 -4.28739199132355</georss:point>
      <author />
      <comments />
      <pubDate>Mon, 06 Apr 2020 00:00:00 GMT</pubDate>
    </item>
    <item>
      <title>A83 Clachan, West of Cairndow</title>
      <description>Start Date: Monday, 20 April 2020 - 00:00&lt;br /&gt;End Date: Wednesday, 22 April 2020 - 00:00&lt;br /&gt;Delay Information: No reported delay.</description>
      <link>http://tscot.org/03cNW202013029</link>
      <georss:point>56.2726794972196 -4.92157558475435</georss:point>
      <author />
      <comments />
      <pubDate>Mon, 20 Apr 2020 00:00:00 GMT</pubDate>
    </item>
    <item>
      <title>A835 Safety Inspection/Patrol</title>
      <description>Start Date: Monday, 06 April 2020 - 00:00&lt;br /&gt;End Date: Monday, 01 June 2020 - 00:00&lt;br /&gt;Delay Information: No reported delay.</description>
      <link>http://tscot.org/03cNW202013032</link>
      <georss:point>57.5405152651481 -4.33752136964639</georss:point>
      <author />
      <comments />
      <pubDate>Mon, 06 Apr 2020 00:00:00 GMT</pubDate>
    </item>
    <item>
      <title>A828 Safety Inspection/Patrol</title>
      <description>Start Date: Monday, 06 April 2020 - 00:00&lt;br /&gt;End Date: Monday, 01 June 2020 - 00:00&lt;br /&gt;Delay Information: No reported delay.</description>
      <link>http://tscot.org/03cNW202013033</link>
      <georss:point>56.4539106535338 -5.39484992273988</georss:point>
      <author />
      <comments />
      <pubDate>Mon, 06 Apr 2020 00:00:00 GMT</pubDate>
    </item>
    <item>
      <title>A85 Safety Inspection/Patrols </title>
      <description>Start Date: Monday, 06 April 2020 - 00:00&lt;br /&gt;End Date: Monday, 01 June 2020 - 00:00&lt;br /&gt;Delay Information: No reported delay.</description>
      <link>http://tscot.org/03cNW202013034</link>
      <georss:point>56.4073394067147 -3.47728886320025</georss:point>
      <author />
      <comments />
      <pubDate>Mon, 06 Apr 2020 00:00:00 GMT</pubDate>
    </item>
    <item>
      <title>A82 Tarbet to Crianlarich (Safety Inspection/Patrols)  </title>
      <description>Start Date: Monday, 06 April 2020 - 00:00&lt;br /&gt;End Date: Monday, 01 June 2020 - 00:00&lt;br /&gt;Delay Information: No reported delay.</description>
      <link>http://tscot.org/03cNW202013035</link>
      <georss:point>56.2031244844635 -4.71093879743206</georss:point>
      <author />
      <comments />
      <pubDate>Mon, 06 Apr 2020 00:00:00 GMT</pubDate>
    </item>
    <item>
      <title>A82 Ballachulish(A828 jct) to Tyndrum, Safety Inspection/Patrols </title>
      <description>Start Date: Monday, 06 April 2020 - 00:00&lt;br /&gt;End Date: Monday, 01 June 2020 - 00:00&lt;br /&gt;Delay Information: No reported delay.</description>
      <link>http://tscot.org/03cNW202013036</link>
      <georss:point>56.6845159697669 -5.17375588436899</georss:point>
      <author />
      <comments />
      <pubDate>Mon, 06 Apr 2020 00:00:00 GMT</pubDate>
    </item>
    <item>
      <title>A9 Inverness to Golspie, Safety Inspection/Patrols </title>
      <description>Start Date: Monday, 06 April 2020 - 00:00&lt;br /&gt;End Date: Monday, 01 June 2020 - 00:00&lt;br /&gt;Delay Information: No reported delay.</description>
      <link>http://tscot.org/03cNW202013037</link>
      <georss:point>57.4914178367385 -4.21506905391433</georss:point>
      <author />
      <comments />
      <pubDate>Mon, 06 Apr 2020 00:00:00 GMT</pubDate>
    </item>
    <item>
      <title>A830  Weekly Safety Inspection/Patrols </title>
      <description>Start Date: Tuesday, 07 April 2020 - 00:00&lt;br /&gt;End Date: Tuesday, 02 June 2020 - 00:00&lt;br /&gt;Delay Information: No reported delay.</description>
      <link>http://tscot.org/03cNW202013038</link>
      <georss:point>56.8346853817818 -5.07588855475682</georss:point>
      <author />
      <comments />
      <pubDate>Tue, 07 Apr 2020 00:00:00 GMT</pubDate>
    </item>
    <item>
      <title>A99 Weekly Safety Inspection/Patrols </title>
      <description>Start Date: Tuesday, 07 April 2020 - 00:00&lt;br /&gt;End Date: Tuesday, 02 June 2020 - 00:00&lt;br /&gt;Delay Information: No reported delay.</description>
      <link>http://tscot.org/03cNW202013039</link>
      <georss:point>58.2831540374293 -3.36698327466342</georss:point>
      <author />
      <comments />
      <pubDate>Tue, 07 Apr 2020 00:00:00 GMT</pubDate>
    </item>
    <item>
      <title>A83 Inveraray to Campbeltown, Weekly Safety Inspection/Patrols </title>
      <description>Start Date: Tuesday, 07 April 2020 - 00:00&lt;br /&gt;End Date: Tuesday, 02 June 2020 - 00:00&lt;br /&gt;Delay Information: No reported delay.</description>
      <link>http://tscot.org/03cNW202013040</link>
      <georss:point>56.2299042489105 -5.07346486458696</georss:point>
      <author />
      <comments />
      <pubDate>Tue, 07 Apr 2020 00:00:00 GMT</pubDate>
    </item>
    <item>
      <title>A82 Ballachulish to Spean Bridge, Weekly Safety Inspection/Patrols </title>
      <description>Start Date: Tuesday, 07 April 2020 - 00:00&lt;br /&gt;End Date: Tuesday, 02 June 2020 - 00:00&lt;br /&gt;Delay Information: No reported delay.</description>
      <link>http://tscot.org/03cNW202013041</link>
      <georss:point>56.6845715161167 -5.17439755173541</georss:point>
      <author />
      <comments />
      <pubDate>Tue, 07 Apr 2020 00:00:00 GMT</pubDate>
    </item>
    <item>
      <title>A82 Golspie to Scrabster, Weekly Safety Inspection/Patrols </title>
      <description>Start Date: Tuesday, 07 April 2020 - 00:00&lt;br /&gt;End Date: Tuesday, 02 June 2020 - 00:00&lt;br /&gt;Delay Information: No reported delay.</description>
      <link>http://tscot.org/03cNW202013042</link>
      <georss:point>57.9729956727258 -3.97715426870178</georss:point>
      <author />
      <comments />
      <pubDate>Tue, 07 Apr 2020 00:00:00 GMT</pubDate>
    </item>
    <item>
      <title>A9 Perth to Inverness, Weekly Safety Inspection/Patrols </title>
      <description>Start Date: Wednesday, 08 April 2020 - 00:00&lt;br /&gt;End Date: Wednesday, 03 June 2020 - 00:00&lt;br /&gt;Delay Information: No reported delay.</description>
      <link>http://tscot.org/03cNW202013043</link>
      <georss:point>56.4193781797428 -3.46605090498828</georss:point>
      <author />
      <comments />
      <pubDate>Wed, 08 Apr 2020 00:00:00 GMT</pubDate>
    </item>
    <item>
      <title>A86, Weekly Safety Inspection/Patrols </title>
      <description>Start Date: Wednesday, 08 April 2020 - 00:00&lt;br /&gt;End Date: Wednesday, 03 June 2020 - 00:00&lt;br /&gt;Delay Information: No reported delay.</description>
      <link>http://tscot.org/03cNW202013044</link>
      <georss:point>57.0845840102009 -4.0345140474671</georss:point>
      <author />
      <comments />
      <pubDate>Wed, 08 Apr 2020 00:00:00 GMT</pubDate>
    </item>
    <item>
      <title>A99 Mid Clyth to Wick</title>
      <description>Start Date: Monday, 13 April 2020 - 00:00&lt;br /&gt;End Date: Tuesday, 21 April 2020 - 00:00&lt;br /&gt;Delay Information: No reported delay.</description>
      <link>http://tscot.org/03cNW202013045</link>
      <georss:point>58.3170541384191 -3.20813701372305</georss:point>
      <author />
      <comments />
      <pubDate>Mon, 13 Apr 2020 00:00:00 GMT</pubDate>
    </item>
    <item>
      <title>A889, Weekly Safety Inspection/Patrols </title>
      <description>Start Date: Wednesday, 08 April 2020 - 00:00&lt;br /&gt;End Date: Wednesday, 03 June 2020 - 00:00&lt;br /&gt;Delay Information: No reported delay.</description>
      <link>http://tscot.org/03cNW202013046</link>
      <georss:point>56.9170822140651 -4.23605868382887</georss:point>
      <author />
      <comments />
      <pubDate>Wed, 08 Apr 2020 00:00:00 GMT</pubDate>
    </item>
    <item>
      <title>A82 Balloch to Tyndrum, Weekly Safety Inspection/Patrols </title>
      <description>Start Date: Thursday, 09 April 2020 - 00:00&lt;br /&gt;End Date: Thursday, 04 June 2020 - 00:00&lt;br /&gt;Delay Information: No reported delay.</description>
      <link>http://tscot.org/03cNW202013047</link>
      <georss:point>55.9987854993095 -4.59777195833602</georss:point>
      <author />
      <comments />
      <pubDate>Thu, 09 Apr 2020 00:00:00 GMT</pubDate>
    </item>
    <item>
      <title>A83 Tarbet to Inveraray, Weekly Safety Inspection/Patrols </title>
      <description>Start Date: Thursday, 09 April 2020 - 00:00&lt;br /&gt;End Date: Thursday, 04 June 2020 - 00:00&lt;br /&gt;Delay Information: No reported delay.</description>
      <link>http://tscot.org/03cNW202013048</link>
      <georss:point>55.8633978491548 -5.41538660852499</georss:point>
      <author />
      <comments />
      <pubDate>Thu, 09 Apr 2020 00:00:00 GMT</pubDate>
    </item>
    <item>
      <title>A87 Bun Loyne to Uig, Weekly Safety Inspection/Patrols </title>
      <description>Start Date: Thursday, 09 April 2020 - 00:00&lt;br /&gt;End Date: Thursday, 04 June 2020 - 00:00&lt;br /&gt;Delay Information: No reported delay.</description>
      <link>http://tscot.org/03cNW202013049</link>
      <georss:point>57.1459972961583 -4.95846929430151</georss:point>
      <author />
      <comments />
      <pubDate>Thu, 09 Apr 2020 00:00:00 GMT</pubDate>
    </item>
    <item>
      <title>A82 Spean Bridge to Inverness, Weekly Safety Inspection/Patrols </title>
      <description>Start Date: Friday, 10 April 2020 - 00:00&lt;br /&gt;End Date: Friday, 05 June 2020 - 00:00&lt;br /&gt;Delay Information: No reported delay.</description>
      <link>http://tscot.org/03cNW202013050</link>
      <georss:point>56.8928638719313 -4.92038425344952</georss:point>
      <author />
      <comments />
      <pubDate>Fri, 10 Apr 2020 00:00:00 GMT</pubDate>
    </item>
    <item>
      <title>A887, Weekly Safety Inspection/Patrols </title>
      <description>Start Date: Friday, 10 April 2020 - 00:00&lt;br /&gt;End Date: Friday, 05 June 2020 - 00:00&lt;br /&gt;Delay Information: No reported delay.</description>
      <link>http://tscot.org/03cNW202013051</link>
      <georss:point>57.2145762242419 -4.61736312451974</georss:point>
      <author />
      <comments />
      <pubDate>Fri, 10 Apr 2020 00:00:00 GMT</pubDate>
    </item>
    <item>
      <title>A87 Invergarry to Bun Loyne Jct, Weekly Safety Inspection/Patrols </title>
      <description>Start Date: Friday, 10 April 2020 - 00:00&lt;br /&gt;End Date: Friday, 05 June 2020 - 00:00&lt;br /&gt;Delay Information: No reported delay.</description>
      <link>http://tscot.org/03cNW202013052</link>
      <georss:point>57.0697937663046 -4.79269059234202</georss:point>
      <author />
      <comments />
      <pubDate>Fri, 10 Apr 2020 00:00:00 GMT</pubDate>
    </item>
    <item>
      <title>A82 Balloch to Tarbet (Essential Works Under Covid-19 Guidance)</title>
      <description>Start Date: Wednesday, 15 April 2020 - 00:00&lt;br /&gt;End Date: Friday, 24 April 2020 - 00:00&lt;br /&gt;Delay Information: No reported delay.</description>
      <link>http://tscot.org/03cNW202013073</link>
      <georss:point>55.9997155685567 -4.59799478804748</georss:point>
      <author />
      <comments />
      <pubDate>Wed, 15 Apr 2020 00:00:00 GMT</pubDate>
    </item>
    <item>
      <title>A87 Broadford</title>
      <description>Start Date: Tuesday, 14 April 2020 - 00:00&lt;br /&gt;End Date: Friday, 24 April 2020 - 00:00&lt;br /&gt;Delay Information: No reported delay.</description>
      <link>http://tscot.org/03cNW202013089</link>
      <georss:point>57.2800940222198 -6.00994940945755</georss:point>
      <author />
      <comments />
      <pubDate>Tue, 14 Apr 2020 00:00:00 GMT</pubDate>
    </item>
    <item>
      <title>A83 South of Furnace to Ardrishaig (Essential works under Covid-19 Guidance)</title>
      <description>Start Date: Monday, 20 April 2020 - 00:00&lt;br /&gt;End Date: Thursday, 23 April 2020 - 00:00&lt;br /&gt;Delay Information: No reported delay.</description>
      <link>http://tscot.org/03cNW202013094</link>
      <georss:point>56.1287502208761 -5.23618138804438</georss:point>
      <author />
      <comments />
      <pubDate>Mon, 20 Apr 2020 00:00:00 GMT</pubDate>
    </item>
    <item>
      <title>A9 Dunkeld</title>
      <description>Start Date: Monday, 20 April 2020 - 00:00&lt;br /&gt;End Date: Tuesday, 21 April 2020 - 00:00&lt;br /&gt;Delay Information: No reported delay.</description>
      <link>http://tscot.org/03cNW202013125</link>
      <georss:point>56.5621852671077 -3.60375413482504</georss:point>
      <author />
      <comments />
      <pubDate>Mon, 20 Apr 2020 00:00:00 GMT</pubDate>
    </item>
    <item>
      <title>A7 Mosspaul</title>
      <description>Start Date: Monday, 13 January 2020 - 00:00&lt;br /&gt;End Date: Friday, 16 October 2020 - 00:00&lt;br /&gt;Delay Information: No reported delay.</description>
      <link>http://tscot.org/03cSE20199352</link>
      <georss:point>55.2977354787011 -2.94023644218428</georss:point>
      <author />
      <comments />
      <pubDate>Mon, 13 Jan 2020 00:00:00 GMT</pubDate>
    </item>
    <item>
      <title>A7 Mosspaul</title>
      <description>Start Date: Monday, 13 January 2020 - 00:00&lt;br /&gt;End Date: Friday, 16 October 2020 - 00:00&lt;br /&gt;Delay Information: No reported delay.</description>
      <link>http://tscot.org/03cSE20199353</link>
      <georss:point>55.2654777516003 -2.96295385750378</georss:point>
      <author />
      <comments />
      <pubDate>Mon, 13 Jan 2020 00:00:00 GMT</pubDate>
    </item>
    <item>
      <title>M9 Whole route</title>
      <description>Start Date: Monday, 06 January 2020 - 00:00&lt;br /&gt;End Date: Thursday, 31 December 2020 - 00:00&lt;br /&gt;Delay Information: No reported delay.</description>
      <link>http://tscot.org/03cSE20199782</link>
      <georss:point>55.9375576765288 -3.40181585374037</georss:point>
      <author />
      <comments />
      <pubDate>Mon, 06 Jan 2020 00:00:00 GMT</pubDate>
    </item>
    <item>
      <title>M9 Whole route</title>
      <description>Start Date: Monday, 06 January 2020 - 00:00&lt;br /&gt;End Date: Thursday, 31 December 2020 - 00:00&lt;br /&gt;Delay Information: No reported delay.</description>
      <link>http://tscot.org/03cSE20199783</link>
      <georss:point>56.1686497791195 -3.97019411408943</georss:point>
      <author />
      <comments />
      <pubDate>Mon, 06 Jan 2020 00:00:00 GMT</pubDate>
    </item>
    <item>
      <title>M8 Whole route</title>
      <description>Start Date: Monday, 06 January 2020 - 00:00&lt;br /&gt;End Date: Thursday, 31 December 2020 - 00:00&lt;br /&gt;Delay Information: No reported delay.</description>
      <link>http://tscot.org/03cSE20199784</link>
      <georss:point>55.9241571393533 -3.31236695051605</georss:point>
      <author />
      <comments />
      <pubDate>Mon, 06 Jan 2020 00:00:00 GMT</pubDate>
    </item>
    <item>
      <title>M8 Whole route</title>
      <description>Start Date: Monday, 06 January 2020 - 00:00&lt;br /&gt;End Date: Thursday, 31 December 2020 - 00:00&lt;br /&gt;Delay Information: No reported delay.</description>
      <link>http://tscot.org/03cSE20199785</link>
      <georss:point>55.839041856776 -3.91699335414131</georss:point>
      <author />
      <comments />
      <pubDate>Mon, 06 Jan 2020 00:00:00 GMT</pubDate>
    </item>
    <item>
      <title>M80 Whole route</title>
      <description>Start Date: Monday, 06 January 2020 - 00:00&lt;br /&gt;End Date: Thursday, 31 December 2020 - 00:00&lt;br /&gt;Delay Information: No reported delay.</description>
      <link>http://tscot.org/03cSE20199786</link>
      <georss:point>56.0773513796675 -3.92780086052207</georss:point>
      <author />
      <comments />
      <pubDate>Mon, 06 Jan 2020 00:00:00 GMT</pubDate>
    </item>
    <item>
      <title>M80 Whole route</title>
      <description>Start Date: Monday, 06 January 2020 - 00:00&lt;br /&gt;End Date: Thursday, 31 December 2020 - 00:00&lt;br /&gt;Delay Information: No reported delay.</description>
      <link>http://tscot.org/03cSE20199787</link>
      <georss:point>55.9938580018108 -3.94036526634509</georss:point>
      <author />
      <comments />
      <pubDate>Mon, 06 Jan 2020 00:00:00 GMT</pubDate>
    </item>
    <item>
      <title>M876 Whole route</title>
      <description>Start Date: Monday, 06 January 2020 - 00:00&lt;br /&gt;End Date: Thursday, 31 December 2020 - 00:00&lt;br /&gt;Delay Information: No reported delay.</description>
      <link>http://tscot.org/03cSE20199788</link>
      <georss:point>56.002781464045 -3.90581775958649</georss:point>
      <author />
      <comments />
      <pubDate>Mon, 06 Jan 2020 00:00:00 GMT</pubDate>
    </item>
    <item>
      <title>M876 Whole route</title>
      <description>Start Date: Monday, 06 January 2020 - 00:00&lt;br /&gt;End Date: Thursday, 31 December 2020 - 00:00&lt;br /&gt;Delay Information: No reported delay.</description>
      <link>http://tscot.org/03cSE20199789</link>
      <georss:point>56.0527847842805 -3.75736688385091</georss:point>
      <author />
      <comments />
      <pubDate>Mon, 06 Jan 2020 00:00:00 GMT</pubDate>
    </item>
    <item>
      <title>A985 Whole road</title>
      <description>Start Date: Monday, 27 January 2020 - 00:00&lt;br /&gt;End Date: Thursday, 31 December 2020 - 00:00&lt;br /&gt;Delay Information: No reported delay.</description>
      <link>http://tscot.org/03cSE202010111</link>
      <georss:point>56.0625144911971 -3.73594899200625</georss:point>
      <author />
      <comments />
      <pubDate>Mon, 27 Jan 2020 00:00:00 GMT</pubDate>
    </item>
    <item>
      <title>A985 Whole road</title>
      <description>Start Date: Monday, 27 January 2020 - 00:00&lt;br /&gt;End Date: Thursday, 31 December 2020 - 00:00&lt;br /&gt;Delay Information: No reported delay.</description>
      <link>http://tscot.org/03cSE202010112</link>
      <georss:point>56.0360570694507 -3.42316896473348</georss:point>
      <author />
      <comments />
      <pubDate>Mon, 27 Jan 2020 00:00:00 GMT</pubDate>
    </item>
    <item>
      <title>A7 Selkirk. Lay-by South of Golf Club</title>
      <description>Start Date: Tuesday, 18 February 2020 - 00:00&lt;br /&gt;End Date: Sunday, 31 January 2021 - 00:00&lt;br /&gt;Delay Information: No reported delay.</description>
      <link>http://tscot.org/03cSE202010390</link>
      <georss:point>55.5381869527865 -2.83145038295367</georss:point>
      <author />
      <comments />
      <pubDate>Tue, 18 Feb 2020 00:00:00 GMT</pubDate>
    </item>
    <item>
      <title>A985 West of Pattiesmuir</title>
      <description>Start Date: Monday, 23 March 2020 - 00:00&lt;br /&gt;End Date: Saturday, 30 May 2020 - 00:00&lt;br /&gt;Delay Information: No reported delay.</description>
      <link>http://tscot.org/03cSE202010867</link>
      <georss:point>56.0353510422246 -3.45822825507796</georss:point>
      <author />
      <comments />
      <pubDate>Mon, 23 Mar 2020 00:00:00 GMT</pubDate>
    </item>
    <item>
      <title>A985 West of Pattiesmuir</title>
      <description>Start Date: Monday, 23 March 2020 - 00:00&lt;br /&gt;End Date: Saturday, 30 May 2020 - 00:00&lt;br /&gt;Delay Information: No reported delay.</description>
      <link>http://tscot.org/03cSE202010868</link>
      <georss:point>56.0361031221411 -3.46225316139951</georss:point>
      <author />
      <comments />
      <pubDate>Mon, 23 Mar 2020 00:00:00 GMT</pubDate>
    </item>
    <item>
      <title>A876 Whole route</title>
      <description>Start Date: Thursday, 26 March 2020 - 00:00&lt;br /&gt;End Date: Friday, 25 December 2020 - 00:00&lt;br /&gt;Delay Information: No reported delay.</description>
      <link>http://tscot.org/03cSE202010914</link>
      <georss:point>56.0629360659838 -3.73664255968521</georss:point>
      <author />
      <comments />
      <pubDate>Thu, 26 Mar 2020 00:00:00 GMT</pubDate>
    </item>
    <item>
      <title>A876 Whole route</title>
      <description>Start Date: Thursday, 26 March 2020 - 00:00&lt;br /&gt;End Date: Friday, 25 December 2020 - 00:00&lt;br /&gt;Delay Information: No reported delay.</description>
      <link>http://tscot.org/03cSE202010915</link>
      <georss:point>56.095886470561 -3.71878643125058</georss:point>
      <author />
      <comments />
      <pubDate>Thu, 26 Mar 2020 00:00:00 GMT</pubDate>
    </item>
    <item>
      <title>A977 Whole route</title>
      <description>Start Date: Thursday, 26 March 2020 - 00:00&lt;br /&gt;End Date: Saturday, 26 December 2020 - 00:00&lt;br /&gt;Delay Information: No reported delay.</description>
      <link>http://tscot.org/03cSE202010916</link>
      <georss:point>56.0950438346626 -3.71799332788065</georss:point>
      <author />
      <comments />
      <pubDate>Thu, 26 Mar 2020 00:00:00 GMT</pubDate>
    </item>
    <item>
      <title>A977 Whole route</title>
      <description>Start Date: Thursday, 26 March 2020 - 00:00&lt;br /&gt;End Date: Saturday, 26 December 2020 - 00:00&lt;br /&gt;Delay Information: No reported delay.</description>
      <link>http://tscot.org/03cSE202010917</link>
      <georss:point>56.0647692802947 -3.70116146532141</georss:point>
      <author />
      <comments />
      <pubDate>Thu, 26 Mar 2020 00:00:00 GMT</pubDate>
    </item>
    <item>
      <title>A68 Whole route</title>
      <description>Start Date: Monday, 30 March 2020 - 00:00&lt;br /&gt;End Date: Sunday, 31 May 2020 - 00:00&lt;br /&gt;Delay Information: No reported delay.</description>
      <link>http://tscot.org/03cSE202010933</link>
      <georss:point>55.9121963232833 -3.05545952621023</georss:point>
      <author />
      <comments />
      <pubDate>Mon, 30 Mar 2020 00:00:00 GMT</pubDate>
    </item>
    <item>
      <title>A702 Whole route</title>
      <description>Start Date: Monday, 30 March 2020 - 00:00&lt;br /&gt;End Date: Sunday, 31 May 2020 - 00:00&lt;br /&gt;Delay Information: No reported delay.</description>
      <link>http://tscot.org/03cSE202010934</link>
      <georss:point>55.8820687856859 -3.20051337222457</georss:point>
      <author />
      <comments />
      <pubDate>Mon, 30 Mar 2020 00:00:00 GMT</pubDate>
    </item>
    <item>
      <title>A720 Whole route</title>
      <description>Start Date: Monday, 30 March 2020 - 00:00&lt;br /&gt;End Date: Sunday, 31 May 2020 - 00:00&lt;br /&gt;Delay Information: No reported delay.</description>
      <link>http://tscot.org/03cSE202010935</link>
      <georss:point>55.9216412615473 -3.30644095506154</georss:point>
      <author />
      <comments />
      <pubDate>Mon, 30 Mar 2020 00:00:00 GMT</pubDate>
    </item>
    <item>
      <title>A720 Whole route</title>
      <description>Start Date: Monday, 30 March 2020 - 00:00&lt;br /&gt;End Date: Sunday, 31 May 2020 - 00:00&lt;br /&gt;Delay Information: No reported delay.</description>
      <link>http://tscot.org/03cSE202010936</link>
      <georss:point>55.9233061081878 -3.06128247429582</georss:point>
      <author />
      <comments />
      <pubDate>Mon, 30 Mar 2020 00:00:00 GMT</pubDate>
    </item>
    <item>
      <title>A1 Whole route</title>
      <description>Start Date: Monday, 30 March 2020 - 00:00&lt;br /&gt;End Date: Sunday, 31 May 2020 - 00:00&lt;br /&gt;Delay Information: No reported delay.</description>
      <link>http://tscot.org/03cSE202010937</link>
      <georss:point>55.9270990246534 -3.04856669316546</georss:point>
      <author />
      <comments />
      <pubDate>Mon, 30 Mar 2020 00:00:00 GMT</pubDate>
    </item>
    <item>
      <title>A1 Whole route</title>
      <description>Start Date: Monday, 30 March 2020 - 00:00&lt;br /&gt;End Date: Sunday, 31 May 2020 - 00:00&lt;br /&gt;Delay Information: No reported delay.</description>
      <link>http://tscot.org/03cSE202010938</link>
      <georss:point>55.8110318092466 -2.0456874813724</georss:point>
      <author />
      <comments />
      <pubDate>Mon, 30 Mar 2020 00:00:00 GMT</pubDate>
    </item>
    <item>
      <title>A7 Whole route</title>
      <description>Start Date: Monday, 30 March 2020 - 00:00&lt;br /&gt;End Date: Sunday, 31 May 2020 - 00:00&lt;br /&gt;Delay Information: No reported delay.</description>
      <link>http://tscot.org/03cSE202010939</link>
      <georss:point>55.6026553323218 -2.78848462096359</georss:point>
      <author />
      <comments />
      <pubDate>Mon, 30 Mar 2020 00:00:00 GMT</pubDate>
    </item>
    <item>
      <title>A7 Parkdail to Newmill</title>
      <description>Start Date: Monday, 06 April 2020 - 00:00&lt;br /&gt;End Date: Friday, 08 May 2020 - 00:00&lt;br /&gt;Delay Information: No reported delay.</description>
      <link>http://tscot.org/03cSE202010990</link>
      <georss:point>55.4176941404596 -2.80357782998081</georss:point>
      <author />
      <comments />
      <pubDate>Mon, 06 Apr 2020 00:00:00 GMT</pubDate>
    </item>
    <item>
      <title>A7 Parkdail to Newmill</title>
      <description>Start Date: Monday, 06 April 2020 - 00:00&lt;br /&gt;End Date: Friday, 08 May 2020 - 00:00&lt;br /&gt;Delay Information: No reported delay.</description>
      <link>http://tscot.org/03cSE202010991</link>
      <georss:point>55.3857014193465 -2.86459915506026</georss:point>
      <author />
      <comments />
      <pubDate>Mon, 06 Apr 2020 00:00:00 GMT</pubDate>
    </item>
    <item>
      <title>A702 Wandel </title>
      <description>Start Date: Monday, 13 April 2020 - 00:00&lt;br /&gt;End Date: Wednesday, 22 April 2020 - 00:00&lt;br /&gt;Delay Information: No reported delay.</description>
      <link>http://tscot.org/03cSE202011064</link>
      <georss:point>55.5300537177815 -3.66884258482648</georss:point>
      <author />
      <comments />
      <pubDate>Mon, 13 Apr 2020 00:00:00 GMT</pubDate>
    </item>
    <item>
      <title>A702 Wandel </title>
      <description>Start Date: Monday, 13 April 2020 - 00:00&lt;br /&gt;End Date: Wednesday, 22 April 2020 - 00:00&lt;br /&gt;Delay Information: No reported delay.</description>
      <link>http://tscot.org/03cSE202011065</link>
      <georss:point>55.5305717073359 -3.66842088224582</georss:point>
      <author />
      <comments />
      <pubDate>Mon, 13 Apr 2020 00:00:00 GMT</pubDate>
    </item>
    <item>
      <title>M9 Between J10 &amp; J9</title>
      <description>Start Date: Monday, 20 April 2020 - 00:00&lt;br /&gt;End Date: Tuesday, 21 April 2020 - 00:00&lt;br /&gt;Delay Information: No reported delay.</description>
      <link>http://tscot.org/03cSE202011136</link>
      <georss:point>56.0885512437575 -3.94538249451956</georss:point>
      <author />
      <comments />
      <pubDate>Mon, 20 Apr 2020 00:00:00 GMT</pubDate>
    </item>
    <item>
      <title>A1 Sth of Spott Rbt</title>
      <description>Start Date: Monday, 20 April 2020 - 00:00&lt;br /&gt;End Date: Friday, 24 April 2020 - 00:00&lt;br /&gt;Delay Information: No reported delay.</description>
      <link>http://tscot.org/03cSE202011149</link>
      <georss:point>55.9873797927063 -2.50376070741745</georss:point>
      <author />
      <comments />
      <pubDate>Mon, 20 Apr 2020 00:00:00 GMT</pubDate>
    </item>
    <item>
      <title>A1 Sth of Spott Rbt</title>
      <description>Start Date: Monday, 20 April 2020 - 00:00&lt;br /&gt;End Date: Friday, 24 April 2020 - 00:00&lt;br /&gt;Delay Information: No reported delay.</description>
      <link>http://tscot.org/03cSE202011150</link>
      <georss:point>55.9878783603946 -2.50706909529834</georss:point>
      <author />
      <comments />
      <pubDate>Mon, 20 Apr 2020 00:00:00 GMT</pubDate>
    </item>
    <item>
      <title>M9 Between J10 &amp; J11</title>
      <description>Start Date: Monday, 20 April 2020 - 00:00&lt;br /&gt;End Date: Tuesday, 21 April 2020 - 00:00&lt;br /&gt;Delay Information: No reported delay.</description>
      <link>http://tscot.org/03cSE202011160</link>
      <georss:point>56.1392592525812 -3.97161927541835</georss:point>
      <author />
      <comments />
      <pubDate>Mon, 20 Apr 2020 00:00:00 GMT</pubDate>
    </item>
    <item>
      <title>M9 Between J10 &amp; J11</title>
      <description>Start Date: Monday, 20 April 2020 - 00:00&lt;br /&gt;End Date: Tuesday, 21 April 2020 - 00:00&lt;br /&gt;Delay Information: No reported delay.</description>
      <link>http://tscot.org/03cSE202011161</link>
      <georss:point>56.1617189097186 -3.96808378532195</georss:point>
      <author />
      <comments />
      <pubDate>Mon, 20 Apr 2020 00:00:00 GMT</pubDate>
    </item>
    <item>
      <title>A7 Newmill to Teinside Bridge</title>
      <description>Start Date: Monday, 20 April 2020 - 00:00&lt;br /&gt;End Date: Friday, 08 May 2020 - 00:00&lt;br /&gt;Delay Information: No reported delay.</description>
      <link>http://tscot.org/03cSE202011170</link>
      <georss:point>55.3855497979045 -2.86443800048094</georss:point>
      <author />
      <comments />
      <pubDate>Mon, 20 Apr 2020 00:00:00 GMT</pubDate>
    </item>
    <item>
      <title>A7 Newmill to Teinside Bridge</title>
      <description>Start Date: Monday, 20 April 2020 - 00:00&lt;br /&gt;End Date: Friday, 08 May 2020 - 00:00&lt;br /&gt;Delay Information: No reported delay.</description>
      <link>http://tscot.org/03cSE202011171</link>
      <georss:point>55.3630637911858 -2.89114491783347</georss:point>
      <author />
      <comments />
      <pubDate>Mon, 20 Apr 2020 00:00:00 GMT</pubDate>
    </item>
    <item>
      <title>A985 Whole route</title>
      <description>Start Date: Thursday, 09 January 2020 - 00:00&lt;br /&gt;End Date: Thursday, 31 December 2020 - 00:00&lt;br /&gt;Delay Information: No reported delay.</description>
      <link>http://tscot.org/03cSE20209900</link>
      <georss:point>56.0625144911971 -3.73594899200625</georss:point>
      <author />
      <comments />
      <pubDate>Thu, 09 Jan 2020 00:00:00 GMT</pubDate>
    </item>
    <item>
      <title>A985 Whole route</title>
      <description>Start Date: Thursday, 09 January 2020 - 00:00&lt;br /&gt;End Date: Thursday, 31 December 2020 - 00:00&lt;br /&gt;Delay Information: No reported delay.</description>
      <link>http://tscot.org/03cSE20209901</link>
      <georss:point>56.0361834123887 -3.40981978859327</georss:point>
      <author />
      <comments />
      <pubDate>Thu, 09 Jan 2020 00:00:00 GMT</pubDate>
    </item>
    <item>
      <title>A68 Camptown</title>
      <description>Start Date: Saturday, 11 January 2020 - 00:00&lt;br /&gt;End Date: Wednesday, 22 April 2020 - 00:00&lt;br /&gt;Delay Information: No reported delay.</description>
      <link>http://tscot.org/03cSE20209946</link>
      <georss:point>55.4128834267778 -2.50750967292129</georss:point>
      <author />
      <comments />
      <pubDate>Sat, 11 Jan 2020 00:00:00 GMT</pubDate>
    </item>
    <item>
      <title>A68 Camptown</title>
      <description>Start Date: Saturday, 11 January 2020 - 00:00&lt;br /&gt;End Date: Wednesday, 22 April 2020 - 00:00&lt;br /&gt;Delay Information: No reported delay.</description>
      <link>http://tscot.org/03cSE20209947</link>
      <georss:point>55.4020112420992 -2.50304362755514</georss:point>
      <author />
      <comments />
      <pubDate>Sat, 11 Jan 2020 00:00:00 GMT</pubDate>
    </item>
    <item>
      <title>M80 N/B between J6 Old Inns and Forest Road Underbridge</title>
      <description>Start Date: Monday, 20 April 2020 - 00:00&lt;br /&gt;End Date: Tuesday, 21 April 2020 - 00:00&lt;br /&gt;Delay Information: No reported delay.</description>
      <link>http://tscot.org/03cSH20201257</link>
      <georss:point>55.9666536980452 -3.97161011473165</georss:point>
      <author />
      <comments />
      <pubDate>Mon, 20 Apr 2020 00:00:00 GMT</pubDate>
    </item>
    <item>
      <title>M80 N/B prior to J6 Old Inns</title>
      <description>Start Date: Monday, 20 April 2020 - 00:00&lt;br /&gt;End Date: Tuesday, 21 April 2020 - 00:00&lt;br /&gt;Delay Information: No reported delay.</description>
      <link>http://tscot.org/03cSH20201260</link>
      <georss:point>55.9616364781013 -3.9835309787843</georss:point>
      <author />
      <comments />
      <pubDate>Mon, 20 Apr 2020 00:00:00 GMT</pubDate>
    </item>
    <item>
      <title>A77 N/B Whitletts to Dutchhouse</title>
      <description>Start Date: Monday, 20 April 2020 - 00:00&lt;br /&gt;End Date: Tuesday, 21 April 2020 - 00:00&lt;br /&gt;Delay Information: No reported delay.</description>
      <link>http://tscot.org/03cSW202012192</link>
      <georss:point>55.4764947990149 -4.5866925069782</georss:point>
      <author />
      <comments />
      <pubDate>Mon, 20 Apr 2020 00:00:00 GMT</pubDate>
    </item>
    <item>
      <title>A77 S/B Dutchhouse Rnbt to Whitletts Rnbt</title>
      <description>Start Date: Monday, 20 April 2020 - 00:00&lt;br /&gt;End Date: Tuesday, 21 April 2020 - 00:00&lt;br /&gt;Delay Information: No reported delay.</description>
      <link>http://tscot.org/03cSW202012193</link>
      <georss:point>55.5243457415394 -4.59032458346684</georss:point>
      <author />
      <comments />
      <pubDate>Mon, 20 Apr 2020 00:00:00 GMT</pubDate>
    </item>
    <item>
      <title>A78 N/B  Dutchhouse to Monktonhead</title>
      <description>Start Date: Monday, 20 April 2020 - 00:00&lt;br /&gt;End Date: Tuesday, 21 April 2020 - 00:00&lt;br /&gt;Delay Information: No reported delay.</description>
      <link>http://tscot.org/03cSW202012194</link>
      <georss:point>55.5244537265309 -4.59074366151214</georss:point>
      <author />
      <comments />
      <pubDate>Mon, 20 Apr 2020 00:00:00 GMT</pubDate>
    </item>
    <item>
      <title>A78 S/B Monktonhead to Dutchhouse</title>
      <description>Start Date: Monday, 20 April 2020 - 00:00&lt;br /&gt;End Date: Tuesday, 21 April 2020 - 00:00&lt;br /&gt;Delay Information: No reported delay.</description>
      <link>http://tscot.org/03cSW202012195</link>
      <georss:point>55.5246857193207 -4.60522579973367</georss:point>
      <author />
      <comments />
      <pubDate>Mon, 20 Apr 2020 00:00:00 GMT</pubDate>
    </item>
    <item>
      <title>A77 Carlock</title>
      <description>Start Date: Monday, 03 February 2020 - 00:00&lt;br /&gt;End Date: Friday, 11 September 2020 - 00:00&lt;br /&gt;Delay Information: No reported delay.</description>
      <link>http://tscot.org/03cSW202012411</link>
      <georss:point>55.0521549792398 -4.9868438577227</georss:point>
      <author />
      <comments />
      <pubDate>Mon, 03 Feb 2020 00:00:00 GMT</pubDate>
    </item>
    <item>
      <title>A78 Branchton Junction</title>
      <description>Start Date: Monday, 24 February 2020 - 00:00&lt;br /&gt;End Date: Friday, 26 June 2020 - 00:00&lt;br /&gt;Delay Information: No reported delay.</description>
      <link>http://tscot.org/03cSW202012818</link>
      <georss:point>55.9409581332774 -4.80298172307072</georss:point>
      <author />
      <comments />
      <pubDate>Mon, 24 Feb 2020 00:00:00 GMT</pubDate>
    </item>
    <item>
      <title>A78 Branchton Junction</title>
      <description>Start Date: Monday, 24 February 2020 - 00:00&lt;br /&gt;End Date: Friday, 26 June 2020 - 00:00&lt;br /&gt;Delay Information: No reported delay.</description>
      <link>http://tscot.org/03cSW202012819</link>
      <georss:point>55.9409250078107 -4.79851082179872</georss:point>
      <author />
      <comments />
      <pubDate>Mon, 24 Feb 2020 00:00:00 GMT</pubDate>
    </item>
    <item>
      <title>A726 College Milton Bridge - Eastbound lane closure</title>
      <description>Start Date: Monday, 16 March 2020 - 00:00&lt;br /&gt;End Date: Friday, 29 May 2020 - 00:00&lt;br /&gt;Delay Information: No reported delay.</description>
      <link>http://tscot.org/03cSW202013498</link>
      <georss:point>55.7653430164194 -4.21108438051214</georss:point>
      <author />
      <comments />
      <pubDate>Mon, 16 Mar 2020 00:00:00 GMT</pubDate>
    </item>
    <item>
      <title>A726 College Milton Bridge - Westbound lane closure</title>
      <description>Start Date: Monday, 16 March 2020 - 00:00&lt;br /&gt;End Date: Friday, 29 May 2020 - 00:00&lt;br /&gt;Delay Information: No reported delay.</description>
      <link>http://tscot.org/03cSW202013499</link>
      <georss:point>55.7644353953918 -4.20707962493434</georss:point>
      <author />
      <comments />
      <pubDate>Mon, 16 Mar 2020 00:00:00 GMT</pubDate>
    </item>
    <item>
      <title>A76 Drumlanrig Castle to Thornhill</title>
      <description>Start Date: Friday, 20 March 2020 - 00:00&lt;br /&gt;End Date: Friday, 01 May 2020 - 00:00&lt;br /&gt;Delay Information: No reported delay.</description>
      <link>http://tscot.org/03cSW202013643</link>
      <georss:point>55.2819989782885 -3.79354417877572</georss:point>
      <author />
      <comments />
      <pubDate>Fri, 20 Mar 2020 00:00:00 GMT</pubDate>
    </item>
    <item>
      <title>A78 High Street, Greenock</title>
      <description>Start Date: Friday, 01 March 2019 - 00:00&lt;br /&gt;End Date: Wednesday, 31 March 2021 - 00:00&lt;br /&gt;Delay Information: No reported delay.</description>
      <link>http://tscot.org/03cSW202014024</link>
      <georss:point>55.9481035079136 -4.76043916372496</georss:point>
      <author />
      <comments />
      <pubDate>Fri, 01 Mar 2019 00:00:00 GMT</pubDate>
    </item>
    <item>
      <title>A725 CROSSBASKETS TO MAIN ST E/B</title>
      <description>Start Date: Monday, 20 April 2020 - 00:00&lt;br /&gt;End Date: Tuesday, 21 April 2020 - 00:00&lt;br /&gt;Delay Information: No reported delay.</description>
      <link>http://tscot.org/03cSW202014105</link>
      <georss:point>55.7823443807101 -4.13501798642422</georss:point>
      <author />
      <comments />
      <pubDate>Mon, 20 Apr 2020 00:00:00 GMT</pubDate>
    </item>
    <item>
      <title>A725 CROSSBASKETS OFF SLIP EB</title>
      <description>Start Date: Monday, 20 April 2020 - 00:00&lt;br /&gt;End Date: Tuesday, 21 April 2020 - 00:00&lt;br /&gt;Delay Information: No reported delay.</description>
      <link>http://tscot.org/03cSW202014106</link>
      <georss:point>55.7818517780789 -4.12610811605047</georss:point>
      <author />
      <comments />
      <pubDate>Mon, 20 Apr 2020 00:00:00 GMT</pubDate>
    </item>
    <item>
      <title>A725 DOUGLAS ST OFF SLIP EB</title>
      <description>Start Date: Monday, 20 April 2020 - 00:00&lt;br /&gt;End Date: Tuesday, 21 April 2020 - 00:00&lt;br /&gt;Delay Information: No reported delay.</description>
      <link>http://tscot.org/03cSW202014107</link>
      <georss:point>55.7829712531272 -4.11017306012613</georss:point>
      <author />
      <comments />
      <pubDate>Mon, 20 Apr 2020 00:00:00 GMT</pubDate>
    </item>
    <item>
      <title>A725 DOUGLAS ST ON SLIP EB</title>
      <description>Start Date: Monday, 20 April 2020 - 00:00&lt;br /&gt;End Date: Tuesday, 21 April 2020 - 00:00&lt;br /&gt;Delay Information: No reported delay.</description>
      <link>http://tscot.org/03cSW202014108</link>
      <georss:point>55.7833158435576 -4.10475332225381</georss:point>
      <author />
      <comments />
      <pubDate>Mon, 20 Apr 2020 00:00:00 GMT</pubDate>
    </item>
    <item>
      <title>Loop-U W/B on Ramp</title>
      <description>Start Date: Monday, 20 April 2020 - 00:00&lt;br /&gt;End Date: Wednesday, 22 April 2020 - 00:00&lt;br /&gt;Delay Information: No reported delay.</description>
      <link>http://tscot.org/03cSW202014117</link>
      <georss:point>55.8674952929067 -4.23587560645828</georss:point>
      <author />
      <comments />
      <pubDate>Mon, 20 Apr 2020 00:00:00 GMT</pubDate>
    </item>
    <item>
      <title>M8 Jct 15 to Jct 16</title>
      <description>Start Date: Monday, 20 April 2020 - 00:00&lt;br /&gt;End Date: Wednesday, 22 April 2020 - 00:00&lt;br /&gt;Delay Information: No reported delay.</description>
      <link>http://tscot.org/03cSW202014118</link>
      <georss:point>55.8662850708522 -4.23174641182248</georss:point>
      <author />
      <comments />
      <pubDate>Mon, 20 Apr 2020 00:00:00 GMT</pubDate>
    </item>
    <item>
      <title>Dobbie's Loan W/B off Ramp</title>
      <description>Start Date: Monday, 20 April 2020 - 00:00&lt;br /&gt;End Date: Wednesday, 22 April 2020 - 00:00&lt;br /&gt;Delay Information: No reported delay.</description>
      <link>http://tscot.org/03cSW202014119</link>
      <georss:point>55.8696329867682 -4.24630830784252</georss:point>
      <author />
      <comments />
      <pubDate>Mon, 20 Apr 2020 00:00:00 GMT</pubDate>
    </item>
    <item>
      <title>M8 Jct 16 to Jct 19</title>
      <description>Start Date: Monday, 20 April 2020 - 00:00&lt;br /&gt;End Date: Wednesday, 22 April 2020 - 00:00&lt;br /&gt;Delay Information: No reported delay.</description>
      <link>http://tscot.org/03cSW202014120</link>
      <georss:point>55.8697984853877 -4.24758062604082</georss:point>
      <author />
      <comments />
      <pubDate>Mon, 20 Apr 2020 00:00:00 GMT</pubDate>
    </item>
    <item>
      <title>Phoenix W/B on ramp</title>
      <description>Start Date: Monday, 20 April 2020 - 00:00&lt;br /&gt;End Date: Wednesday, 22 April 2020 - 00:00&lt;br /&gt;Delay Information: No reported delay.</description>
      <link>http://tscot.org/03cSW202014121</link>
      <georss:point>55.8691882090104 -4.26712587606008</georss:point>
      <author />
      <comments />
      <pubDate>Mon, 20 Apr 2020 00:00:00 GMT</pubDate>
    </item>
    <item>
      <title>M74 N/B Jct 1A Offslip</title>
      <description>Start Date: Monday, 20 April 2020 - 00:00&lt;br /&gt;End Date: Saturday, 25 April 2020 - 00:00&lt;br /&gt;Delay Information: No reported delay.</description>
      <link>http://tscot.org/03cSW202014142</link>
      <georss:point>55.8357821383628 -4.23617858346831</georss:point>
      <author />
      <comments />
      <pubDate>Mon, 20 Apr 2020 00:00:00 GMT</pubDate>
    </item>
    <item>
      <title>M74 N/B Jct 1A</title>
      <description>Start Date: Monday, 20 April 2020 - 00:00&lt;br /&gt;End Date: Saturday, 25 April 2020 - 00:00&lt;br /&gt;Delay Information: No reported delay.</description>
      <link>http://tscot.org/03cSW202014143</link>
      <georss:point>55.8348551226297 -4.23427284661299</georss:point>
      <author />
      <comments />
      <pubDate>Mon, 20 Apr 2020 00:00:00 GMT</pubDate>
    </item>
    <item>
      <title>A8 W/B Port Glasgow Rd Greenock</title>
      <description>Start Date: Monday, 20 April 2020 - 00:00&lt;br /&gt;End Date: Tuesday, 21 April 2020 - 00:00&lt;br /&gt;Delay Information: No reported delay.</description>
      <link>http://tscot.org/03cSW202014152</link>
      <georss:point>55.9390312964828 -4.7152875749393</georss:point>
      <author />
      <comments />
      <pubDate>Mon, 20 Apr 2020 00:00:00 GMT</pubDate>
    </item>
    <item>
      <title>M74 Jct 9-12 SB</title>
      <description>Start Date: Monday, 20 April 2020 - 00:00&lt;br /&gt;End Date: Saturday, 25 April 2020 - 00:00&lt;br /&gt;Delay Information: No reported delay.</description>
      <link>http://tscot.org/03cSW202014160</link>
      <georss:point>55.6511535620187 -3.89263675240741</georss:point>
      <author />
      <comments />
      <pubDate>Mon, 20 Apr 2020 00:00:00 GMT</pubDate>
    </item>
    <item>
      <title>M74 Jct 10 SB onslip</title>
      <description>Start Date: Monday, 20 April 2020 - 00:00&lt;br /&gt;End Date: Saturday, 25 April 2020 - 00:00&lt;br /&gt;Delay Information: No reported delay.</description>
      <link>http://tscot.org/03cSW202014161</link>
      <georss:point>55.6501816378034 -3.88980851686965</georss:point>
      <author />
      <comments />
      <pubDate>Mon, 20 Apr 2020 00:00:00 GMT</pubDate>
    </item>
    <item>
      <title>A78 Ardrossan Road Seamill</title>
      <description>Start Date: Monday, 20 April 2020 - 00:00&lt;br /&gt;End Date: Friday, 24 April 2020 - 00:00&lt;br /&gt;Delay Information: No reported delay.</description>
      <link>http://tscot.org/03cSW202014187</link>
      <georss:point>55.6857690907312 -4.86227052964255</georss:point>
      <author />
      <comments />
      <pubDate>Mon, 20 Apr 2020 00:00:00 GMT</pubDate>
    </item>
    <item>
      <title>A78 Main Street Largs </title>
      <description>Start Date: Tuesday, 14 April 2020 - 00:00&lt;br /&gt;End Date: Monday, 27 April 2020 - 00:00&lt;br /&gt;Delay Information: No reported delay.</description>
      <link>http://tscot.org/03cSW202014188</link>
      <georss:point>55.7934128948211 -4.86657660001277</georss:point>
      <author />
      <comments />
      <pubDate>Tue, 14 Apr 2020 00:00:00 GMT</pubDate>
    </item>
    <item>
      <title>A76 S/B Mauchline</title>
      <description>Start Date: Monday, 20 April 2020 - 00:00&lt;br /&gt;End Date: Wednesday, 22 April 2020 - 00:00&lt;br /&gt;Delay Information: No reported delay.</description>
      <link>http://tscot.org/03cSW202014250</link>
      <georss:point>55.5247784293049 -4.3882342736471</georss:point>
      <author />
      <comments />
      <pubDate>Mon, 20 Apr 2020 00:00:00 GMT</pubDate>
    </item>
    <item>
      <title>M80 Jct 1 to M8 Jct 15 </title>
      <description>Start Date: Monday, 20 April 2020 - 00:00&lt;br /&gt;End Date: Friday, 24 April 2020 - 00:00&lt;br /&gt;Delay Information: No reported delay.</description>
      <link>http://tscot.org/03cSW202014254</link>
      <georss:point>55.8810361819837 -4.19209351695309</georss:point>
      <author />
      <comments />
      <pubDate>Mon, 20 Apr 2020 00:00:00 GMT</pubDate>
    </item>
    <item>
      <title>M80 Jct 1 to M8 Jct 15 </title>
      <description>Start Date: Monday, 20 April 2020 - 00:00&lt;br /&gt;End Date: Friday, 24 April 2020 - 00:00&lt;br /&gt;Delay Information: No reported delay.</description>
      <link>http://tscot.org/03cSW202014255</link>
      <georss:point>55.8683159923966 -4.2068486311518</georss:point>
      <author />
      <comments />
      <pubDate>Mon, 20 Apr 2020 00:00:00 GMT</pubDate>
    </item>
    <item>
      <title>M8 Jct 14 on slip</title>
      <description>Start Date: Monday, 20 April 2020 - 00:00&lt;br /&gt;End Date: Friday, 24 April 2020 - 00:00&lt;br /&gt;Delay Information: No reported delay.</description>
      <link>http://tscot.org/03cSW202014256</link>
      <georss:point>55.8663552641947 -4.21543200693509</georss:point>
      <author />
      <comments />
      <pubDate>Mon, 20 Apr 2020 00:00:00 GMT</pubDate>
    </item>
    <item>
      <title>M8 Jct 15 Stirling Road off slip</title>
      <description>Start Date: Monday, 20 April 2020 - 00:00&lt;br /&gt;End Date: Friday, 24 April 2020 - 00:00&lt;br /&gt;Delay Information: No reported delay.</description>
      <link>http://tscot.org/03cSW202014257</link>
      <georss:point>55.8660374253715 -4.22904711207071</georss:point>
      <author />
      <comments />
      <pubDate>Mon, 20 Apr 2020 00:00:00 GMT</pubDate>
    </item>
    <item>
      <title>M8 Jct 15 Castle St off slip</title>
      <description>Start Date: Monday, 20 April 2020 - 00:00&lt;br /&gt;End Date: Friday, 24 April 2020 - 00:00&lt;br /&gt;Delay Information: No reported delay.</description>
      <link>http://tscot.org/03cSW202014258</link>
      <georss:point>55.8662054269027 -4.23167791143668</georss:point>
      <author />
      <comments />
      <pubDate>Mon, 20 Apr 2020 00:00:00 GMT</pubDate>
    </item>
    <item>
      <title>M8 Eastbound Junction 10 to Junction 6</title>
      <description>Start Date: Wednesday, 01 January 2020 - 00:00&lt;br /&gt;End Date: Friday, 01 January 2021 - 00:00&lt;br /&gt;Delay Information: No reported delay.</description>
      <link>http://tscot.org/03cTMI20195196</link>
      <georss:point>55.8689271468937 -4.13658723421105</georss:point>
      <author />
      <comments />
      <pubDate>Wed, 01 Jan 2020 00:00:00 GMT</pubDate>
    </item>
    <item>
      <title>M8 Westbound Junction 6 to Junction 10</title>
      <description>Start Date: Wednesday, 01 January 2020 - 00:00&lt;br /&gt;End Date: Friday, 01 January 2021 - 00:00&lt;br /&gt;Delay Information: No reported delay.</description>
      <link>http://tscot.org/03cTMI20195197</link>
      <georss:point>55.8423290214534 -3.90265282183702</georss:point>
      <author />
      <comments />
      <pubDate>Wed, 01 Jan 2020 00:00:00 GMT</pubDate>
    </item>
    <item>
      <title>M73 Northbound Junction 1 to Junction 3</title>
      <description>Start Date: Wednesday, 01 January 2020 - 00:00&lt;br /&gt;End Date: Friday, 01 January 2021 - 00:00&lt;br /&gt;Delay Information: No reported delay.</description>
      <link>http://tscot.org/03cTMI20195198</link>
      <georss:point>55.8354033278106 -4.09910345224031</georss:point>
      <author />
      <comments />
      <pubDate>Wed, 01 Jan 2020 00:00:00 GMT</pubDate>
    </item>
    <item>
      <title>M73 Southbound Junction 3 to Junction 1</title>
      <description>Start Date: Wednesday, 01 January 2020 - 00:00&lt;br /&gt;End Date: Friday, 01 January 2021 - 00:00&lt;br /&gt;Delay Information: No reported delay.</description>
      <link>http://tscot.org/03cTMI20195199</link>
      <georss:point>55.9138600987935 -4.06513024093975</georss:point>
      <author />
      <comments />
      <pubDate>Wed, 01 Jan 2020 00:00:00 GMT</pubDate>
    </item>
    <item>
      <title>M74 Southbound Junction 3A to Junction 6</title>
      <description>Start Date: Wednesday, 01 January 2020 - 00:00&lt;br /&gt;End Date: Friday, 01 January 2021 - 00:00&lt;br /&gt;Delay Information: No reported delay.</description>
      <link>http://tscot.org/03cTMI20195200</link>
      <georss:point>55.8354844418602 -4.12421216343115</georss:point>
      <author />
      <comments />
      <pubDate>Wed, 01 Jan 2020 00:00:00 GMT</pubDate>
    </item>
    <item>
      <title>M74 Northbound Junction 6 to Junction 3A</title>
      <description>Start Date: Wednesday, 01 January 2020 - 00:00&lt;br /&gt;End Date: Friday, 01 January 2021 - 00:00&lt;br /&gt;Delay Information: No reported delay.</description>
      <link>http://tscot.org/03cTMI20195201</link>
      <georss:point>55.7844265988797 -4.02746250406655</georss:point>
      <author />
      <comments />
      <pubDate>Wed, 01 Jan 2020 00:00:00 GMT</pubDate>
    </item>
    <item>
      <title>A8(M) Westbound Baillieston Roundabout to Swinton Roundabout</title>
      <description>Start Date: Wednesday, 01 January 2020 - 00:00&lt;br /&gt;End Date: Friday, 01 January 2021 - 00:00&lt;br /&gt;Delay Information: No reported delay.</description>
      <link>http://tscot.org/03cTMI20195202</link>
      <georss:point>55.8526350998498 -4.09204436475655</georss:point>
      <author />
      <comments />
      <pubDate>Wed, 01 Jan 2020 00:00:00 GMT</pubDate>
    </item>
    <item>
      <title>A8(M) Eastbound Swinton Roundabout to Baillieston Roundabout</title>
      <description>Start Date: Wednesday, 01 January 2020 - 00:00&lt;br /&gt;End Date: Friday, 01 January 2021 - 00:00&lt;br /&gt;Delay Information: No reported delay.</description>
      <link>http://tscot.org/03cTMI20195203</link>
      <georss:point>55.8527442959464 -4.09671543025982</georss:point>
      <author />
      <comments />
      <pubDate>Wed, 01 Jan 2020 00:00:00 GMT</pubDate>
    </item>
    <item>
      <title>A8 Eastbound Bargeddie Roundabout to Carnbroe</title>
      <description>Start Date: Wednesday, 01 January 2020 - 00:00&lt;br /&gt;End Date: Friday, 01 January 2021 - 00:00&lt;br /&gt;Delay Information: No reported delay.</description>
      <link>http://tscot.org/03cTMI20195204</link>
      <georss:point>55.8555822236352 -4.08573176112277</georss:point>
      <author />
      <comments />
      <pubDate>Wed, 01 Jan 2020 00:00:00 GMT</pubDate>
    </item>
    <item>
      <title>A8 Westbound Bargeddie Roundabout to Carnbroe</title>
      <description>Start Date: Wednesday, 01 January 2020 - 00:00&lt;br /&gt;End Date: Friday, 01 January 2021 - 00:00&lt;br /&gt;Delay Information: No reported delay.</description>
      <link>http://tscot.org/03cTMI20195205</link>
      <georss:point>55.8359242314868 -3.98659371386085</georss:point>
      <author />
      <comments />
      <pubDate>Wed, 01 Jan 2020 00:00:00 GMT</pubDate>
    </item>
    <item>
      <title>A725 NB Raith Underpass</title>
      <description>Start Date: Thursday, 09 January 2020 - 00:00&lt;br /&gt;End Date: Saturday, 19 December 2020 - 00:00&lt;br /&gt;Delay Information: No reported delay.</description>
      <link>http://tscot.org/03cTMI20195213</link>
      <georss:point>55.7971797760015 -4.05556579248734</georss:point>
      <author />
      <comments />
      <pubDate>Thu, 09 Jan 2020 00:00:00 GMT</pubDate>
    </item>
    <item>
      <title>A725 SB Raith Underpass</title>
      <description>Start Date: Thursday, 09 January 2020 - 00:00&lt;br /&gt;End Date: Saturday, 19 December 2020 - 00:00&lt;br /&gt;Delay Information: No reported delay.</description>
      <link>http://tscot.org/03cTMI20195214</link>
      <georss:point>55.8059442351121 -4.04790553247406</georss:point>
      <author />
      <comments />
      <pubDate>Thu, 09 Jan 2020 00:00:00 GMT</pubDate>
    </item>
    <item>
      <title>M8 Eastbound between Junction 8 Offslip and Onslip.</title>
      <description>Start Date: Monday, 20 April 2020 - 00:00&lt;br /&gt;End Date: Wednesday, 22 April 2020 - 00:00&lt;br /&gt;Delay Information: No reported delay.</description>
      <link>http://tscot.org/03cTMI20205579</link>
      <georss:point>55.8595306147585 -4.10086823375622</georss:point>
      <author />
      <comments />
      <pubDate>Mon, 20 Apr 2020 00:00:00 GMT</pubDate>
    </item>
    <item>
      <title>A1</title>
      <description>Start Date: Thursday, 02 April 2020 - 00:00&lt;br /&gt;End Date: Friday, 01 May 2020 - 00:00</description>
      <link>http://tscot.org/03h113100865</link>
      <georss:point>54.9845842940595 -1.69335121632302</georss:point>
      <author />
      <comments />
      <pubDate>Thu, 02 Apr 2020 00:00:00 GMT</pubDate>
    </item>
    <item>
      <title>A69</title>
      <description>Start Date: Sunday, 09 February 2020 - 00:00&lt;br /&gt;End Date: Tuesday, 28 April 2020 - 00:00</description>
      <link>http://tscot.org/03h113100973</link>
      <georss:point>54.980746752766 -2.06560914608839</georss:point>
      <author />
      <comments />
      <pubDate>Sun, 09 Feb 2020 00:00:00 GMT</pubDate>
    </item>
    <item>
      <title>A69</title>
      <description>Start Date: Monday, 03 February 2020 - 00:00&lt;br /&gt;End Date: Tuesday, 28 April 2020 - 00:00</description>
      <link>http://tscot.org/03h113100976</link>
      <georss:point>54.9830187522392 -2.14119405004903</georss:point>
      <author />
      <comments />
      <pubDate>Mon, 03 Feb 2020 00:00:00 GMT</pubDate>
    </item>
    <item>
      <title>A69</title>
      <description>Start Date: Wednesday, 12 February 2020 - 00:00&lt;br /&gt;End Date: Tuesday, 28 April 2020 - 00:00</description>
      <link>http://tscot.org/03h206400506</link>
      <georss:point>54.980746752766 -2.06560914608839</georss:point>
      <author />
      <comments />
      <pubDate>Wed, 12 Feb 2020 00:00:00 GMT</pubDate>
    </item>
    <item>
      <title>M6</title>
      <description>Start Date: Wednesday, 01 April 2020 - 00:00&lt;br /&gt;End Date: Monday, 04 May 2020 - 00:00</description>
      <link>http://tscot.org/03h401300549</link>
      <georss:point>54.8925099345897 -2.88649208378701</georss:point>
      <author />
      <comments />
      <pubDate>Wed, 01 Apr 2020 00:00:00 GMT</pubDate>
    </item>
    <item>
      <title>A1</title>
      <description>Start Date: Sunday, 05 April 2020 - 00:00&lt;br /&gt;End Date: Saturday, 25 April 2020 - 00:00</description>
      <link>http://tscot.org/03h402400568</link>
      <georss:point>54.9764090870607 -1.69785043038572</georss:point>
      <author />
      <comments />
      <pubDate>Sun, 05 Apr 2020 00:00:00 GMT</pubDate>
    </item>
    <item>
      <title>A1</title>
      <description>Start Date: Saturday, 04 April 2020 - 00:00&lt;br /&gt;End Date: Saturday, 25 April 2020 - 00:00</description>
      <link>http://tscot.org/03h402400570</link>
      <georss:point>54.9556512133474 -1.67363090338714</georss:point>
      <author />
      <comments />
      <pubDate>Sat, 04 Apr 2020 00:00:00 GMT</pubDate>
    </item>
    <item>
      <title>M6</title>
      <description>Start Date: Wednesday, 08 April 2020 - 00:00&lt;br /&gt;End Date: Monday, 04 May 2020 - 00:00</description>
      <link>http://tscot.org/03h408300856</link>
      <georss:point>54.895744952313 -2.88774818365901</georss:point>
      <author />
      <comments />
      <pubDate>Wed, 08 Apr 2020 00:00:00 GMT</pubDate>
    </item>
    <item>
      <title>M6</title>
      <description>Start Date: Thursday, 09 April 2020 - 00:00&lt;br /&gt;End Date: Monday, 04 May 2020 - 00:00</description>
      <link>http://tscot.org/03h409400242</link>
      <georss:point>54.895744952313 -2.88774818365901</georss:point>
      <author />
      <comments />
      <pubDate>Thu, 09 Apr 2020 00:00:00 GMT</pubDate>
    </item>
    <item>
      <title>A1(M)</title>
      <description>Start Date: Friday, 17 April 2020 - 00:00&lt;br /&gt;End Date: Tuesday, 21 April 2020 - 00:00</description>
      <link>http://tscot.org/03h409400657</link>
      <georss:point>54.7297140755469 -1.51954506053858</georss:point>
      <author />
      <comments />
      <pubDate>Fri, 17 Apr 2020 00:00:00 GMT</pubDate>
    </item>
    <item>
      <title>M6</title>
      <description>Start Date: Monday, 20 April 2020 - 00:00&lt;br /&gt;End Date: Monday, 04 May 2020 - 00:00</description>
      <link>http://tscot.org/03h419700132</link>
      <georss:point>54.895744952313 -2.88774818365901</georss:point>
      <author />
      <comments />
      <pubDate>Mon, 20 Apr 2020 00:00:00 GMT</pubDate>
    </item>
    <item>
      <title>M6</title>
      <description>Start Date: Monday, 20 April 2020 - 00:00&lt;br /&gt;End Date: Monday, 04 May 2020 - 00:00</description>
      <link>http://tscot.org/03h419700135</link>
      <georss:point>54.8925099345897 -2.88649208378701</georss:point>
      <author />
      <comments />
      <pubDate>Mon, 20 Apr 2020 00:00:00 GMT</pubDate>
    </item>
    <item>
      <title>A1</title>
      <description>Start Date: Monday, 20 April 2020 - 00:00&lt;br /&gt;End Date: Tuesday, 21 April 2020 - 00:00</description>
      <link>http://tscot.org/03h420100570</link>
      <georss:point>54.9697591211992 -1.69779096190313</georss:point>
      <author />
      <comments />
      <pubDate>Mon, 20 Apr 2020 00:00:00 GMT</pubDate>
    </item>
    <item>
      <title>A1(M)</title>
      <description>Start Date: Monday, 20 April 2020 - 00:00&lt;br /&gt;End Date: Tuesday, 21 April 2020 - 00:00</description>
      <link>http://tscot.org/03h420100573</link>
      <georss:point>54.7248709476286 -1.52199337183888</georss:point>
      <author />
      <comments />
      <pubDate>Mon, 20 Apr 2020 00:00:00 GMT</pubDate>
    </item>
    <item>
      <description>Start Date: Monday, 20 April 2020 - 00:00&lt;br /&gt;End Date: Tuesday, 21 April 2020 - 00:00</description>
      <link>http://tscot.org/03h420100620</link>
      <georss:point>55.0020140200174 -1.48892448462142</georss:point>
      <author />
      <comments />
      <pubDate>Mon, 20 Apr 2020 00:00:00 GMT</pubDate>
    </item>
  </channel>
</rss>